tick,temps_s,x,y,z,vx,vy,vz,vitesse,vitesse_horizontale,vitesse_verticale,pression,masse,poids,portance,poussee,trainee,resultante_y,gaz_total,gaz_capacite,regime_max,stress_su,capacite_su,au_sol,surcharge,f_gravite_x,f_gravite_y,f_gravite_z,f_ballon_x,f_ballon_y,f_ballon_z,f_helice@11.10.10_x,f_helice@11.10.10_y,f_helice@11.10.10_z,f_helice@21.10.10_x,f_helice@21.10.10_y,f_helice@21.10.10_z,f_trainee_x,f_trainee_y,f_trainee_z
0,0.0,0.0,63.0,0.0,0.0,0.0,0.0,0.0,0.0,0.0,1.0,2135.5,23490.5,0.0,0.0,0.0,-23490.5,0.0,8926,32.0,0.0,8192.0,0,0,0.0,-23490.5,0.0,0.0,0.0,0.0,0.0,0.0,-0.0,-0.0,-0.0,0.0,-0.0,-0.0,-0.0
5,0.25,-0.0,62.6121,0.0,-0.0,-2.53184,0.0,2.53184,0.0,-2.53184,1.00155,2135.5,23490.5,899.72,0.0,2087.97,-20502.809,54.47,8926,32.0,0.0,8192.0,0,0,0.0,-23490.5,0.0,0.0,899.72,0.0,-0.0,0.0,-0.0,0.0,-0.0,0.0,0.0,2087.971,-0.0
10,0.5,-0.0,61.6496,0.0,-0.0,-4.68039,0.0,4.68039,0.0,-4.68039,1.00542,2135.5,23490.5,1783.3,0.0,4354.41,-17352.792,107.6,8926,32.0,0.0,8192.0,0,0,0.0,-23490.5,0.0,0.0,1783.297,0.0,-0.0,0.0,-0.0,0.0,-0.0,0.0,0.0,4354.411,-0.0
15,0.75,-0.0,60.2019,0.0,-0.0,-6.48806,0.0,6.48806,0.0,-6.48806,1.01125,2135.5,23490.5,2656.56,0.0,6287.71,-14546.226,159.42,8926,32.0,0.0,8192.0,0,0,0.0,-23490.5,0.0,0.0,2656.561,0.0,-0.0,0.0,-0.0,0.0,-0.0,0.0,0.0,6287.713,-0.0
20,1.0,-0.0,58.3487,0.0,-0.0,-7.99139,0.0,7.99139,0.0,-7.99139,1.01878,2135.5,23490.5,3524.04,0.0,7929.36,-12037.098,209.98,8926,32.0,0.0,8192.0,0,0,0.0,-23490.5,0.0,0.0,3524.042,0.0,-0.0,0.0,-0.0,0.0,-0.0,0.0,0.001,7929.361,-0.0
25,1.25,-0.0,56.161,0.0,-0.0,-9.22228,-0.0,9.22228,0.0,-9.22228,1.02773,2135.5,23490.5,4389.2,0.0,9312.48,-9788.816,259.31,8926,32.0,0.0,8192.0,0,0,0.0,-23490.5,0.0,0.0,4389.2,0.0,-0.0,0.0,-0.0,0.0,-0.0,0.0,0.001,9312.484,-0.0
30,1.5,-0.0,53.7029,-0.0,0.0,-10.2089,-0.0,10.2089,0.0,-10.2089,1.03788,2135.5,23490.5,5254.6,0.0,10463.98,-7771.914,307.46,8926,32.0,0.0,8192.0,0,0,0.0,-23490.5,0.0,0.0,5254.604,0.0,-0.0,0.0,-0.0,0.0,-0.0,0.0,-0.002,10463.983,0.0
35,1.75,0.0,51.0314,-0.0,1e-05,-10.97642,-0.0,10.97642,1e-05,-10.97642,1.04902,2135.5,23490.5,6122.07,0.0,11406.1,-5962.329,354.47,8926,32.0,0.0,8192.0,0,0,0.0,-23490.5,0.0,0.0,6122.07,0.0,-0.0,0.0,-0.0,0.0,-0.0,0.0,-0.01,11406.102,0.0
40,2.0,0.0,48.1979,-0.0,3e-05,-11.54748,-0.0,11.54748,3e-05,-11.54748,1.06098,2135.5,23490.5,6992.77,0.0,12157.61,-4340.111,400.37,8926,32.0,0.0,8192.0,0,0,0.0,-23490.5,0.0,0.0,6992.775,0.0,-0.0,0.0,-0.0,0.0,-0.0,0.0,-0.03,12157.614,0.0
45,2.25,0.0,45.2484,-0.0,7e-05,-11.94267,-0.0,11.94267,7e-05,-11.94267,1.07356,2135.5,23490.5,7867.35,0.0,12734.71,-2888.442,445.2,8926,32.0,0.0,8192.0,0,0,0.0,-23490.5,0.0,0.0,7867.349,0.0,-0.0,0.0,-0.0,0.0,-0.0,0.0,-0.069,12734.709,0.0
50,2.5,0.0001,42.2241,-0.0,0.00014,-12.18078,-0.0,12.18078,0.00014,-12.18078,1.08662,2135.5,23490.5,8745.95,0.0,13151.66,-1592.882,488.99,8926,32.0,0.0,8192.0,0,0,0.0,-23490.5,0.0,0.0,8745.953,0.0,-0.0,0.0,-0.0,0.0,-0.0,0.0,-0.136,13151.664,0.0
55,2.75,0.0001,39.1615,-0.0,0.00024,-12.27904,-0.0,12.27904,0.00024,-12.27904,1.1,2135.5,23490.5,9628.35,0.0,13421.35,-440.8,531.79,8926,32.0,0.0,8192.0,0,0,0.0,-23490.5,0.0,0.0,9628.348,0.0,-0.0,0.0,-0.0,0.0,-0.0,0.0,-0.24,13421.351,0.001
60,3.0,0.0002,36.0933,-0.0,0.00038,-12.25334,-0.0,12.25334,0.00038,-12.25334,1.11358,2135.5,23490.5,10513.95,0.0,13555.61,579.063,573.62,8926,32.0,0.0,8192.0,0,0,0.0,-23490.5,0.0,0.0,10513.954,0.0,-0.0,0.0,-0.0,0.0,-0.0,0.0,-0.389,13555.608,0.001
65,3.25,0.0003,33.0481,-0.0,0.00057,-12.11831,-0.0,12.11831,0.00057,-12.11831,1.12722,2135.5,23490.5,11401.91,0.0,13565.52,1476.922,614.52,8926,32.0,0.0,8192.0,0,0,0.0,-23490.5,0.0,0.0,11401.906,0.0,-0.0,0.0,-0.0,0.0,-0.0,0.0,-0.591,13565.516,0.003
70,3.5,0.0005,30.0514,-0.0,0.0008,-11.88746,-0.0,11.88746,0.0008,-11.88746,1.14081,2135.5,23490.5,12291.1,0.0,13461.59,2262.195,654.53,8926,32.0,0.0,8192.0,0,0,0.0,-23490.5,0.0,0.0,12291.105,0.0,-0.0,0.0,-0.0,0.0,-0.0,0.0,-0.847,13461.59,0.005
75,3.75,0.0007,27.1251,-0.0,0.00108,-11.57324,-1e-05,11.57324,0.00108,-11.57324,1.15423,2135.5,23490.5,13180.26,0.0,13253.91,2943.673,693.67,8926,32.0,0.0,8192.0,0,0,0.0,-23490.5,0.0,0.0,13180.262,0.0,-0.0,0.0,-0.0,0.0,-0.0,0.0,-1.159,13253.911,0.008
80,4.0,0.001,24.2884,-0.0,0.00139,-11.18713,-1e-05,11.18713,0.00139,-11.18713,1.1674,2135.5,23490.5,14067.95,0.0,12952.2,3529.651,731.98,8926,32.0,0.0,8192.0,0,0,0.0,-23490.5,0.0,0.0,14067.947,0.0,-0.0,0.0,-0.0,0.0,-0.0,0.0,-1.521,12952.204,0.013
85,4.25,0.0014,21.5576,-0.0,0.00173,-10.73964,-2e-05,10.73964,0.00173,-10.73964,1.18022,2135.5,23490.5,14952.62,0.0,12565.89,4028.01,769.49,8926,32.0,0.0,8192.0,0,0,0.0,-23490.5,0.0,0.0,14952.623,0.0,-0.0,0.0,-0.0,0.0,-0.0,0.0,-1.924,12565.887,0.019
90,4.5,0.0019,18.9466,-0.0,0.00209,-10.24043,-2e-05,10.24043,0.00209,-10.24043,1.19261,2135.5,23490.5,15832.69,0.0,12104.08,4446.267,806.24,8926,32.0,0.0,8192.0,0,0,0.0,-23490.5,0.0,0.0,15832.687,0.0,-0.0,0.0,-0.0,0.0,-0.0,0.0,-2.356,12104.08,0.027
95,4.75,0.0025,16.4671,-0.0,0.00245,-9.69826,-3e-05,9.69826,0.00245,-9.69826,1.2045,2135.5,23490.5,16706.5,0.0,11575.6,4791.603,842.25,8926,32.0,0.0,8192.0,0,0,0.0,-23490.5,0.0,0.0,16706.504,0.0,-0.0,0.0,-0.0,0.0,-0.0,0.0,-2.802,11575.599,0.037
100,5.0,0.0032,14.1285,-0.0,0.00279,-9.12111,-4e-05,9.12111,0.00279,-9.12111,1.21582,2135.5,23490.5,17572.44,0.0,10988.94,5070.879,877.55,8926,32.0,0.0,8192.0,0,0,0.0,-23490.5,0.0,0.0,17572.436,0.0,-0.0,0.0,-0.0,0.0,-0.0,0.0,-3.242,10988.943,0.048
105,5.25,0.0039,11.9384,-0.0,0.00311,-8.51619,-5e-05,8.51619,0.00311,-8.51619,1.22651,2135.5,23490.5,18428.87,0.0,10352.26,5290.629,912.18,8926,32.0,0.0,8192.0,0,0,0.0,-23490.5,0.0,0.0,18428.872,0.0,-0.0,0.0,-0.0,0.0,-0.0,0.0,-3.658,10352.257,0.061
110,5.5,0.0047,9.9029,-0.0001,0.00339,-7.88994,-6e-05,7.88994,0.00339,-7.88994,1.23654,2135.5,23490.5,19274.25,0.0,9673.31,5457.058,946.17,8926,32.0,0.0,8192.0,0,0,0.0,-23490.5,0.0,0.0,19274.249,0.0,-0.0,0.0,-0.0,0.0,-0.0,0.0,-4.032,9673.309,0.074
115,5.75,0.0056,8.0265,-0.0001,0.00362,-7.24812,-7e-05,7.24812,0.00362,-7.24812,1.24586,2135.5,23490.5,20107.07,0.0,8959.46,5576.029,979.55,8926,32.0,0.0,8192.0,0,0,0.0,-23490.5,0.0,0.0,20107.073,0.0,-0.0,0.0,-0.0,0.0,-0.0,0.0,-4.348,8959.456,0.087
120,6.0,0.0065,6.3121,-0.0001,0.00379,-6.59584,-8e-05,6.59584,0.00379,-6.59584,1.25443,2135.5,23490.5,20925.94,0.0,8217.62,5653.054,1012.34,8926,32.0,0.0,8192.0,0,0,0.0,-23490.5,0.0,0.0,20925.938,0.0,-0.0,0.0,-0.0,0.0,-0.0,0.0,-4.59,8217.616,0.099
125,6.25,0.0075,4.7618,-0.0001,0.00388,-5.93758,-9e-05,5.93758,0.00388,-5.93758,1.26224,2135.5,23490.5,21729.54,0.0,7454.25,5693.282,1044.58,8926,32.0,0.0,8192.0,0,0,0.0,-23490.5,0.0,0.0,21729.536,0.0,-0.0,0.0,-0.0,0.0,-0.0,0.0,-4.75,7454.246,0.11
130,6.5,0.0085,3.3765,-0.0001,0.00391,-5.27727,-0.0001,5.27727,0.00391,-5.27727,1.26925,2135.5,23490.5,22516.67,0.0,6675.33,5701.495,1076.29,8926,32.0,0.0,8192.0,0,0,0.0,-23490.5,0.0,0.0,22516.667,0.0,-0.0,0.0,-0.0,0.0,-0.0,0.0,-4.821,6675.329,0.119
135,6.75,0.0095,2.1561,-0.0002,0.00386,-4.61828,-0.0001,4.61828,0.00386,-4.61828,1.27547,2135.5,23490.5,23286.25,0.0,5886.36,5682.101,1107.51,8926,32.0,0.0,8192.0,0,0,0.0,-23490.5,0.0,0.0,23286.245,0.0,-0.0,0.0,-0.0,0.0,-0.0,0.0,-4.801,5886.356,0.125
140,7.0,0.0104,1.0998,-0.0002,0.00374,-3.96352,-0.0001,3.96352,0.00375,-3.96352,1.28087,2135.5,23490.5,24037.3,0.0,5092.34,5639.138,1138.26,8926,32.0,0.0,8192.0,0,0,0.0,-23490.5,0.0,0.0,24037.304,0.0,-0.0,0.0,-0.0,0.0,-0.0,0.0,-4.692,5092.334,0.128
145,7.25,0.0113,0.2063,-0.0002,0.00357,-3.31544,-0.0001,3.31544,0.00357,-3.31544,1.28546,2135.5,23490.5,24768.99,0.0,4297.79,5576.274,1168.57,8926,32.0,0.0,8192.0,0,0,0.0,-23490.5,0.0,0.0,24768.992,0.0,-0.0,0.0,-0.0,0.0,-0.0,0.0,-4.502,4297.783,0.127
150,7.5,0.0122,-0.5265,-0.0002,0.00334,-2.6761,-0.0001,2.6761,0.00334,-2.6761,1.28923,2135.5,23490.5,25480.57,0.0,3506.75,5496.818,1198.47,8926,32.0,0.0,8192.0,0,0,0.0,-23490.5,0.0,0.0,25480.567,0.0,-0.0,0.0,-0.0,0.0,-0.0,0.0,-4.24,3506.751,0.124
155,7.75,0.013,-1.1009,-0.0003,0.00307,-2.0472,-9e-05,2.04721,0.00307,-2.0472,1.2922,2135.5,23490.5,26171.39,0.0,2722.83,5403.722,1227.98,8926,32.0,0.0,8192.0,0,0,0.0,-23490.5,0.0,0.0,26171.394,0.0,-0.0,0.0,-0.0,0.0,-0.0,0.0,-3.919,2722.829,0.117
160,8.0,0.0137,-1.5199,-0.0003,0.00277,-1.43013,-8e-05,1.43013,0.00277,-1.43013,1.29437,2135.5,23490.5,26840.93,0.0,1949.18,5299.599,1257.13,8926,32.0,0.0,8192.0,0,0,0.0,-23490.5,0.0,0.0,26840.926,0.0,-0.0,0.0,-0.0,0.0,-0.0,0.0,-3.554,1949.174,0.108
165,8.25,0.0143,-1.7866,-0.0003,0.00245,-0.82598,-8e-05,0.82598,0.00245,-0.82598,1.29575,2135.5,23490.5,27488.69,0.0,1188.54,5186.727,1285.94,8926,32.0,0.0,8192.0,0,0,0.0,-23490.5,0.0,0.0,27488.693,0.0,-0.0,0.0,-0.0,0.0,-0.0,0.0,-3.161,1188.535,0.097
170,8.5,0.0149,-1.9042,-0.0003,0.00213,-0.23562,-7e-05,0.23562,0.00213,-0.23562,1.29636,2135.5,23490.5,28114.27,0.0,443.29,5067.059,1314.43,8926,32.0,0.0,8192.0,0,0,0.0,-23490.5,0.0,0.0,28114.274,0.0,-0.0,0.0,-0.0,0.0,-0.0,0.0,-2.756,443.285,0.085
175,8.75,0.0154,-1.8764,-0.0003,0.00181,0.34031,-6e-05,0.34031,0.00181,0.34031,1.29621,2135.5,23490.5,28717.27,0.0,284.56,4942.227,1342.62,8926,32.0,0.0,8192.0,0,0,0.0,-23490.5,0.0,0.0,28717.274,0.0,-0.0,0.0,-0.0,0.0,-0.0,0.0,-2.355,-284.547,0.072
180,9.0,0.0158,-1.7069,-0.0004,0.00151,0.9013,-5e-05,0.9013,0.00151,0.9013,1.29534,2135.5,23490.5,29297.28,0.0,993.24,4813.544,1370.51,8926,32.0,0.0,8192.0,0,0,0.0,-23490.5,0.0,0.0,29297.281,0.0,-0.0,0.0,-0.0,0.0,-0.0,0.0,-1.973,-993.236,0.06
185,9.25,0.0161,-1.3994,-0.0004,0.00124,1.44699,-4e-05,1.44699,0.00124,1.44699,1.29374,2135.5,23490.5,29853.82,0.0,1681.32,4681.999,1398.11,8926,32.0,0.0,8192.0,0,0,0.0,-23490.5,0.0,0.0,29853.821,0.0,-0.0,0.0,-0.0,0.0,-0.0,0.0,-1.623,-1681.322,0.048
190,9.5,0.0164,-0.9578,-0.0004,0.00101,1.97712,-3e-05,1.97712,0.00101,1.97712,1.29146,2135.5,23490.5,30386.3,0.0,2347.56,4548.239,1425.42,8926,32.0,0.0,8192.0,0,0,0.0,-23490.5,0.0,0.0,30386.303,0.0,-0.0,0.0,-0.0,0.0,-0.0,0.0,-1.315,-2347.564,0.038
195,9.75,0.0166,-0.3861,-0.0004,0.00081,2.49146,-2e-05,2.49146,0.00081,2.49146,1.28851,2135.5,23490.5,30893.94,0.0,2990.89,4412.553,1452.4,8926,32.0,0.0,8192.0,0,0,0.0,-23490.5,0.0,0.0,30893.943,0.0,-0.0,0.0,-0.0,0.0,-0.0,0.0,-1.06,-2990.89,0.03
200,10.0,0.0168,0.3118,-0.0004,0.00067,2.9898,-2e-05,2.9898,0.00067,2.9898,1.28491,2135.5,23490.5,31375.68,0.0,3610.35,4274.836,1479.02,8926,32.0,0.0,8192.0,0,0,0.0,-23490.5,0.0,0.0,31375.683,0.0,-0.0,0.0,-0.0,0.0,-0.0,0.0,-0.862,-3610.348,0.024
205,10.25,0.017,1.1319,-0.0004,0.00057,3.47188,-2e-05,3.47188,0.00057,3.47188,1.2807,2135.5,23490.5,31830.1,0.0,4205.04,4134.563,1505.23,8926,32.0,0.0,8192.0,0,0,0.0,-23490.5,0.0,0.0,31830.103,0.0,-0.0,0.0,-0.0,0.0,-0.0,0.0,-0.726,-4205.041,0.02
210,10.5,0.0171,2.0701,-0.0004,0.00052,3.93736,-1e-05,3.93736,0.00052,3.93736,1.27591,2135.5,23490.5,32255.33,0.0,4774.07,3990.761,1530.93,8926,32.0,0.0,8192.0,0,0,0.0,-23490.5,0.0,0.0,32255.333,0.0,-0.0,0.0,-0.0,0.0,-0.0,0.0,-0.652,-4774.071,0.018
215,10.75,0.0172,3.122,-0.0004,0.00052,4.38574,-2e-05,4.38574,0.00052,4.38574,1.27055,2135.5,23490.5,32648.99,0.0,5316.48,3842.013,1556.02,8926,32.0,0.0,8192.0,0,0,0.0,-23490.5,0.0,0.0,32648.99,0.0,-0.0,0.0,-0.0,0.0,-0.0,0.0,-0.638,-5316.476,0.018
220,11.0,0.0173,4.2834,-0.0004,0.00056,4.81635,-2e-05,4.81635,0.00056,4.81635,1.26466,2135.5,23490.5,33008.18,0.0,5831.17,3686.51,1580.32,8926,32.0,0.0,8192.0,0,0,0.0,-23490.5,0.0,0.0,33008.177,0.0,-0.0,0.0,-0.0,0.0,-0.0,0.0,-0.68,-5831.168,0.02
225,11.25,0.0175,5.5497,-0.0004,0.00065,5.22826,-2e-05,5.22826,0.00065,5.22826,1.25827,2135.5,23490.5,33329.58,0.0,6316.89,3522.186,1603.69,8926,32.0,0.0,8192.0,0,0,0.0,-23490.5,0.0,0.0,33329.579,0.0,-0.0,0.0,-0.0,0.0,-0.0,0.0,-0.774,-6316.893,0.024
230,11.5,0.0177,6.9159,-0.0004,0.00077,5.62034,-2e-05,5.62034,0.00077,5.62034,1.25141,2135.5,23490.5,33609.68,0.0,6772.21,3346.969,1625.9,8926,32.0,0.0,8192.0,0,0,0.0,-23490.5,0.0,0.0,33609.684,0.0,-0.0,0.0,-0.0,0.0,-0.0,0.0,-0.911,-6772.215,0.028
235,11.75,0.0179,8.3771,-0.0004,0.00092,5.99121,-3e-05,5.99121,0.00092,5.99121,1.24411,2135.5,23490.5,33845.16,0.0,7195.54,3159.12,1646.77,8926,32.0,0.0,8192.0,0,0,0.0,-23490.5,0.0,0.0,33845.16,0.0,-0.0,0.0,-0.0,0.0,-0.0,0.0,-1.082,-7195.54,0.033
240,12.0,0.0182,9.9276,-0.0004,0.00109,6.33934,-3e-05,6.33934,0.00109,6.33934,1.23642,2135.5,23490.5,34033.32,0.0,7585.2,2957.624,1666.11,8926,32.0,0.0,8192.0,0,0,0.0,-23490.5,0.0,0.0,34033.321,0.0,-0.0,0.0,-0.0,0.0,-0.0,0.0,-1.279,-7585.197,0.039
245,12.25,0.0185,11.5615,-0.0004,0.00128,6.66316,-4e-05,6.66316,0.00128,6.66316,1.22836,2135.5,23490.5,34172.58,0.0,7939.56,2742.516,1683.79,8926,32.0,0.0,8192.0,0,0,0.0,-23490.5,0.0,0.0,34172.576,0.0,-0.0,0.0,-0.0,0.0,-0.0,0.0,-1.492,-7939.559,0.044
250,12.5,0.0188,13.2725,-0.0004,0.00147,6.96118,-4e-05,6.96118,0.00147,6.96118,1.21999,2135.5,23490.5,34262.75,0.0,8257.21,2515.048,1699.73,8926,32.0,0.0,8192.0,0,0,0.0,-23490.5,0.0,0.0,34262.754,0.0,-0.0,0.0,-0.0,0.0,-0.0,0.0,-1.71,-8257.206,0.05
255,12.75,0.0192,15.054,-0.0005,0.00166,7.23215,-5e-05,7.23215,0.00166,7.23215,1.21132,2135.5,23490.5,34305.19,0.0,8537.08,2277.607,1713.91,8926,32.0,0.0,8192.0,0,0,0.0,-23490.5,0.0,0.0,34305.188,0.0,-0.0,0.0,-0.0,0.0,-0.0,0.0,-1.925,-8537.082,0.055
260,13.0,0.0196,16.8991,-0.0005,0.00183,7.47514,-5e-05,7.47514,0.00184,7.47514,1.20242,2135.5,23490.5,34302.56,0.0,8778.62,2033.437,1726.39,8926,32.0,0.0,8192.0,0,0,0.0,-23490.5,0.0,0.0,34302.559,0.0,-0.0,0.0,-0.0,0.0,-0.0,0.0,-2.127,-8778.622,0.059
265,13.25,0.0201,18.8006,-0.0005,0.002,7.68964,-5e-05,7.68965,0.002,7.68964,1.19331,2135.5,23490.5,34258.57,0.0,8981.83,1786.241,1737.26,8926,32.0,0.0,8192.0,0,0,0.0,-23490.5,0.0,0.0,34258.572,0.0,-0.0,0.0,-0.0,0.0,-0.0,0.0,-2.309,-8981.831,0.062
270,13.5,0.0206,20.7515,-0.0005,0.00214,7.87558,-6e-05,7.87558,0.00214,7.87558,1.18403,2135.5,23490.5,34177.57,0.0,9147.29,1539.775,1746.67,8926,32.0,0.0,8192.0,0,0,0.0,-23490.5,0.0,0.0,34177.566,0.0,-0.0,0.0,-0.0,0.0,-0.0,0.0,-2.463,-9147.292,0.065
275,13.75,0.0212,22.7446,-0.0005,0.00225,8.03328,-6e-05,8.03328,0.00225,8.03328,1.17463,2135.5,23490.5,34064.15,0.0,9276.13,1297.523,1754.75,8926,32.0,0.0,8192.0,0,0,0.0,-23490.5,0.0,0.0,34064.151,0.0,-0.0,0.0,-0.0,0.0,-0.0,0.0,-2.586,-9276.127,0.067
280,14.0,0.0218,24.773,-0.0005,0.00234,8.16345,-6e-05,8.16345,0.00234,8.16345,1.16514,2135.5,23490.5,33922.91,0.0,9369.92,1062.489,1761.66,8926,32.0,0.0,8192.0,0,0,0.0,-23490.5,0.0,0.0,33922.911,0.0,-0.0,0.0,-0.0,0.0,-0.0,0.0,-2.674,-9369.922,0.067
285,14.25,0.0224,26.8299,-0.0005,0.00239,8.26712,-6e-05,8.26712,0.00239,8.26712,1.1556,2135.5,23490.5,33758.21,0.0,9430.62,837.09,1767.55,8926,32.0,0.0,8192.0,0,0,0.0,-23490.5,0.0,0.0,33758.212,0.0,-0.0,0.0,-0.0,0.0,-0.0,0.0,-2.723,-9430.622,0.068
290,14.5,0.023,28.9089,-0.0006,0.00241,8.34553,-6e-05,8.34553,0.00241,8.34553,1.14603,2135.5,23490.5,33574.08,0.0,9460.44,623.144,1772.55,8926,32.0,0.0,8192.0,0,0,0.0,-23490.5,0.0,0.0,33574.08,0.0,-0.0,0.0,-0.0,0.0,-0.0,0.0,-2.734,-9460.436,0.067
295,14.75,0.0236,31.004,-0.0006,0.0024,8.4001,-6e-05,8.4001,0.0024,8.4001,1.13647,2135.5,23490.5,33374.14,0.0,9461.74,421.906,1776.8,8926,32.0,0.0,8192.0,0,0,0.0,-23490.5,0.0,0.0,33374.143,0.0,-0.0,0.0,-0.0,0.0,-0.0,0.0,-2.707,-9461.737,0.065
300,15.0,0.0242,33.1093,-0.0006,0.00235,8.43236,-6e-05,8.43236,0.00235,8.43236,1.12695,2135.5,23490.5,33161.62,0.0,9436.98,234.138,1780.4,8926,32.0,0.0,8192.0,0,0,0.0,-23490.5,0.0,0.0,33161.617,0.0,-0.0,0.0,-0.0,0.0,-0.0,0.0,-2.644,-9436.979,0.063
305,15.25,0.0247,35.2195,-0.0006,0.00227,8.44391,-5e-05,8.44391,0.00227,8.44391,1.11748,2135.5,23490.5,32939.32,0.0,9388.63,60.195,1783.44,8926,32.0,0.0,8192.0,0,0,0.0,-23490.5,0.0,0.0,32939.321,0.0,-0.0,0.0,-0.0,0.0,-0.0,0.0,-2.546,-9388.626,0.06
310,15.5,0.0253,37.3297,-0.0006,0.00217,8.43634,-5e-05,8.43634,0.00217,8.43634,1.10809,2135.5,23490.5,32709.7,0.0,9319.1,-99.9,1786.02,8926,32.0,0.0,8192.0,0,0,0.0,-23490.5,0.0,0.0,32709.698,0.0,-0.0,0.0,-0.0,0.0,-0.0,0.0,-2.419,-9319.098,0.057
315,15.75,0.0258,39.4353,-0.0006,0.00204,8.41126,-5e-05,8.41126,0.00204,8.41126,1.0988,2135.5,23490.5,32474.86,0.0,9230.73,-246.376,1788.19,8926,32.0,0.0,8192.0,0,0,0.0,-23490.5,0.0,0.0,32474.855,0.0,-0.0,0.0,-0.0,0.0,-0.0,0.0,-2.265,-9230.731,0.053
320,16.0,0.0263,41.5323,-0.0006,0.00189,8.3702,-4e-05,8.3702,0.00189,8.3702,1.08963,2135.5,23490.5,32236.6,0.0,9125.75,-379.652,1790.03,8926,32.0,0.0,8192.0,0,0,0.0,-23490.5,0.0,0.0,32236.595,0.0,-0.0,0.0,-0.0,0.0,-0.0,0.0,-2.089,-9125.747,0.049
325,16.25,0.0267,43.6168,-0.0006,0.00172,8.31466,-4e-05,8.31466,0.00172,8.31466,1.08059,2135.5,23490.5,31996.45,0.0,9006.23,-500.279,1791.58,8926,32.0,0.0,8192.0,0,0,0.0,-23490.5,0.0,0.0,31996.453,0.0,-0.0,0.0,-0.0,0.0,-0.0,0.0,-1.896,-9006.232,0.044
330,16.5,0.0271,45.6854,-0.0007,0.00154,8.24605,-4e-05,8.24605,0.00154,8.24605,1.07169,2135.5,23490.5,31755.73,0.0,8874.13,-608.9,1792.89,8926,32.0,0.0,8192.0,0,0,0.0,-23490.5,0.0,0.0,31755.731,0.0,-0.0,0.0,-0.0,0.0,-0.0,0.0,-1.69,-8874.131,0.04
335,16.75,0.0275,47.7351,-0.0007,0.00134,8.16573,-3e-05,8.16573,0.00134,8.16573,1.06294,2135.5,23490.5,31515.53,0.0,8731.24,-706.21,1794.0,8926,32.0,0.0,8192.0,0,0,0.0,-23490.5,0.0,0.0,31515.528,0.0,-0.0,0.0,-0.0,0.0,-0.0,0.0,-1.476,-8731.238,0.035
340,17.0,0.0278,49.7631,-0.0007,0.00115,8.07495,-3e-05,8.07495,0.00115,8.07495,1.05436,2135.5,23490.5,31276.76,0.0,8579.19,-792.93,1794.94,8926,32.0,0.0,8192.0,0,0,0.0,-23490.5,0.0,0.0,31276.764,0.0,-0.0,0.0,-0.0,0.0,-0.0,0.0,-1.258,-8579.194,0.029
345,17.25,0.0281,51.767,-0.0007,0.00095,7.97489,-2e-05,7.97489,0.00095,7.97489,1.04594,2135.5,23490.5,31040.21,0.0,8419.5,-869.788,1795.73,8926,32.0,0.0,8192.0,0,0,0.0,-23490.5,0.0,0.0,31040.211,0.0,-0.0,0.0,-0.0,0.0,-0.0,0.0,-1.04,-8419.499,0.024
350,17.5,0.0283,53.7447,-0.0007,0.00075,7.86663,-2e-05,7.86663,0.00075,7.86663,1.03771,2135.5,23490.5,30806.51,0.0,8253.51,-937.503,1796.39,8926,32.0,0.0,8192.0,0,0,0.0,-23490.5,0.0,0.0,30806.506,0.0,-0.0,0.0,-0.0,0.0,-0.0,0.0,-0.826,-8253.509,0.019
355,17.75,0.0284,55.6941,-0.0007,0.00056,7.75118,-1e-05,7.75118,0.00056,7.75118,1.02965,2135.5,23490.5,30576.18,0.0,8082.45,-996.769,1796.95,8926,32.0,0.0,8192.0,0,0,0.0,-23490.5,0.0,0.0,30576.176,0.0,-0.0,0.0,-0.0,0.0,-0.0,0.0,-0.62,-8082.446,0.014
360,18.0,0.0285,57.6138,-0.0007,0.00037,7.62949,-1e-05,7.62949,0.00037,7.62949,1.02178,2135.5,23490.5,30349.65,0.0,7907.41,-1048.257,1797.43,8926,32.0,0.0,8192.0,0,0,0.0,-23490.5,0.0,0.0,30349.65,0.0,-0.0,0.0,-0.0,0.0,-0.0,0.0,-0.424,-7907.407,0.009
365,18.25,0.0286,59.5022,-0.0007,0.0002,7.50239,-0.0,7.50239,0.0002,7.50239,1.01409,2135.5,23490.5,30127.27,0.0,7729.37,-1092.601,1797.83,8926,32.0,0.0,8192.0,0,0,0.0,-23490.5,0.0,0.0,30127.273,0.0,-0.0,0.0,-0.0,0.0,-0.0,0.0,-0.241,-7729.374,0.004
370,18.5,0.0286,61.3581,-0.0007,4e-05,7.37068,0.0,7.37068,4e-05,7.37068,1.00659,2135.5,23490.5,29909.32,0.0,7549.22,-1130.398,1798.17,8926,32.0,0.0,8192.0,0,0,0.0,-23490.5,0.0,0.0,29909.322,0.0,-0.0,0.0,-0.0,0.0,-0.0,0.0,-0.072,-7549.221,-0.0
375,18.75,0.0286,63.1805,-0.0007,-0.00011,7.23508,0.0,7.23508,0.00011,7.23508,0.99928,2135.5,23490.5,29696.01,0.0,7367.72,-1162.21,1798.45,8926,32.0,0.0,8192.0,0,0,0.0,-23490.5,0.0,0.0,29696.012,0.0,-0.0,0.0,-0.0,0.0,-0.0,0.0,0.08,-7367.722,-0.004
380,19.0,0.0286,64.9685,-0.0007,-0.00024,7.09624,1e-05,7.09624,0.00024,7.09624,0.99216,2135.5,23490.5,29487.49,0.0,7185.56,-1188.567,1798.7,8926,32.0,0.0,8192.0,0,0,0.0,-23490.5,0.0,0.0,29487.493,0.0,-0.0,0.0,-0.0,0.0,-0.0,0.0,0.215,-7185.56,-0.008
385,19.25,0.0285,66.7214,-0.0007,-0.00035,6.95475,1e-05,6.95475,0.00035,6.95475,0.98522,2135.5,23490.5,29283.87,0.0,7003.33,-1209.966,1798.9,8926,32.0,0.0,8192.0,0,0,0.0,-23490.5,0.0,0.0,29283.868,0.0,-0.0,0.0,-0.0,0.0,-0.0,0.0,0.333,-7003.334,-0.011
390,19.5,0.0284,68.4386,-0.0007,-0.00045,6.81117,1e-05,6.81117,0.00045,6.81117,0.97847,2135.5,23490.5,29085.23,0.0,6821.57,-1226.846,1799.07,8926,32.0,0.0,8192.0,0,0,0.0,-23490.5,0.0,0.0,29085.227,0.0,-0.0,0.0,-0.0,0.0,-0.0,0.0,0.433,-6821.573,-0.014
395,19.75,0.0283,70.1196,-0.0007,-0.00053,6.66597,2e-05,6.66597,0.00053,6.66597,0.97191,2135.5,23490.5,28891.63,0.0,6640.74,-1239.614,1799.22,8926,32.0,0.0,8192.0,0,0,0.0,-23490.5,0.0,0.0,28891.628,0.0,-0.0,0.0,-0.0,0.0,-0.0,0.0,0.514,-6640.742,-0.016
400,20.0,0.0281,71.7642,-0.0007,-0.0006,6.51961,2e-05,6.51961,0.0006,6.51961,0.96553,2135.5,23490.5,28703.1,0.0,6461.24,-1248.645,1799.34,8926,32.0,0.0,8192.0,0,0,0.0,-23490.5,0.0,0.0,28703.099,0.0,-0.0,0.0,-0.0,0.0,-0.0,0.0,0.579,-6461.244,-0.018
405,20.25,0.028,73.372,-0.0007,-0.00065,6.37251,2e-05,6.37251,0.00065,6.37251,0.95933,2135.5,23490.5,28519.65,0.0,6283.43,-1254.284,1799.44,8926,32.0,0.0,8192.0,0,0,0.0,-23490.5,0.0,0.0,28519.646,0.0,-0.0,0.0,-0.0,0.0,-0.0,0.0,0.627,-6283.431,-0.02
410,20.5,0.0278,74.9431,-0.0007,-0.00068,6.22502,2e-05,6.22502,0.00068,6.22502,0.95331,2135.5,23490.5,28341.26,0.0,6107.61,-1256.849,1799.53,8926,32.0,0.0,8192.0,0,0,0.0,-23490.5,0.0,0.0,28341.256,0.0,-0.0,0.0,-0.0,0.0,-0.0,0.0,0.659,-6107.605,-0.021
415,20.75,0.0276,76.4772,-0.0007,-0.0007,6.07749,2e-05,6.07749,0.0007,6.07749,0.94747,2135.5,23490.5,28167.9,0.0,5934.03,-1256.629,1799.6,8926,32.0,0.0,8192.0,0,0,0.0,-23490.5,0.0,0.0,28167.899,0.0,-0.0,0.0,-0.0,0.0,-0.0,0.0,0.678,-5934.028,-0.021
420,21.0,0.0275,77.9744,-0.0006,-0.00071,5.93021,2e-05,5.93021,0.00071,5.93021,0.9418,2135.5,23490.5,27999.53,0.0,5762.92,-1253.893,1799.66,8926,32.0,0.0,8192.0,0,0,0.0,-23490.5,0.0,0.0,27999.529,0.0,-0.0,0.0,-0.0,0.0,-0.0,0.0,0.683,-5762.922,-0.021
425,21.25,0.0273,79.435,-0.0006,-0.0007,5.78346,2e-05,5.78346,0.0007,5.78346,0.9363,2135.5,23490.5,27836.09,0.0,5594.47,-1248.883,1799.72,8926,32.0,0.0,8192.0,0,0,0.0,-23490.5,0.0,0.0,27836.091,0.0,-0.0,0.0,-0.0,0.0,-0.0,0.0,0.676,-5594.474,-0.021
430,21.5,0.0271,80.8589,-0.0006,-0.00068,5.63748,2e-05,5.63748,0.00068,5.63748,0.93097,2135.5,23490.5,27677.52,0.0,5428.84,-1241.825,1799.76,8926,32.0,0.0,8192.0,0,0,0.0,-23490.5,0.0,0.0,27677.519,0.0,-0.0,0.0,-0.0,0.0,-0.0,0.0,0.659,-5428.844,-0.021
435,21.75,0.0269,82.2465,-0.0006,-0.00066,5.49251,2e-05,5.49251,0.00066,5.49251,0.92581,2135.5,23490.5,27523.74,0.0,5266.16,-1232.923,1799.8,8926,32.0,0.0,8192.0,0,0,0.0,-23490.5,0.0,0.0,27523.739,0.0,-0.0,0.0,-0.0,0.0,-0.0,0.0,0.633,-5266.162,-0.02
440,22.0,0.0268,83.5981,-0.0006,-0.00063,5.34873,2e-05,5.34873,0.00063,5.34873,0.92081,2135.5,23490.5,27374.67,0.0,5106.54,-1222.366,1799.83,8926,32.0,0.0,8192.0,0,0,0.0,-23490.5,0.0,0.0,27374.669,0.0,-0.0,0.0,-0.0,0.0,-0.0,0.0,0.6,-5106.535,-0.019
445,22.25,0.0266,84.9139,-0.0006,-0.00059,5.20632,2e-05,5.20632,0.00059,5.20632,0.91596,2135.5,23490.5,27230.23,0.0,4950.05,-1210.325,1799.86,8926,32.0,0.0,8192.0,0,0,0.0,-23490.5,0.0,0.0,27230.225,0.0,-0.0,0.0,-0.0,0.0,-0.0,0.0,0.562,-4950.051,-0.018
450,22.5,0.0265,86.1943,-0.0006,-0.00054,5.06546,2e-05,5.06546,0.00054,5.06546,0.91127,2135.5,23490.5,27090.32,0.0,4796.78,-1196.959,1799.88,8926,32.0,0.0,8192.0,0,0,0.0,-23490.5,0.0,0.0,27090.316,0.0,-0.0,0.0,-0.0,0.0,-0.0,0.0,0.518,-4796.775,-0.016
455,22.75,0.0264,87.4397,-0.0006,-0.00049,4.92627,2e-05,4.92627,0.00049,4.92627,0.90673,2135.5,23490.5,26954.85,0.0,4646.76,-1182.411,1799.9,8926,32.0,0.0,8192.0,0,0,0.0,-23490.5,0.0,0.0,26954.849,0.0,-0.0,0.0,-0.0,0.0,-0.0,0.0,0.472,-4646.76,-0.015
460,23.0,0.0262,88.6506,-0.0006,-0.00044,4.78888,1e-05,4.78888,0.00044,4.78888,0.90233,2135.5,23490.5,26823.73,0.0,4500.04,-1166.815,1799.91,8926,32.0,0.0,8192.0,0,0,0.0,-23490.5,0.0,0.0,26823.726,0.0,-0.0,0.0,-0.0,0.0,-0.0,0.0,0.423,-4500.042,-0.013
465,23.25,0.0261,89.8275,-0.0006,-0.00039,4.65341,1e-05,4.65341,0.00039,4.65341,0.89808,2135.5,23490.5,26696.85,0.0,4356.64,-1150.292,1799.93,8926,32.0,0.0,8192.0,0,0,0.0,-23490.5,0.0,0.0,26696.851,0.0,-0.0,0.0,-0.0,0.0,-0.0,0.0,0.373,-4356.643,-0.012
470,23.5,0.0261,90.9708,-0.0006,-0.00034,4.51996,1e-05,4.51996,0.00034,4.51996,0.89397,2135.5,23490.5,26574.12,0.0,4216.58,-1132.954,1799.94,8926,32.0,0.0,8192.0,0,0,0.0,-23490.5,0.0,0.0,26574.124,0.0,-0.0,0.0,-0.0,0.0,-0.0,0.0,0.324,-4216.577,-0.01
475,23.75,0.026,92.081,-0.0006,-0.00029,4.3886,1e-05,4.3886,0.00029,4.3886,0.89,2135.5,23490.5,26455.44,0.0,4079.85,-1114.902,1799.95,8926,32.0,0.0,8192.0,0,0,0.0,-23490.5,0.0,0.0,26455.444,0.0,-0.0,0.0,-0.0,0.0,-0.0,0.0,0.275,-4079.846,-0.009
480,24.0,0.0259,93.1588,-0.0006,-0.00024,4.25942,1e-05,4.25942,0.00024,4.25942,0.88616,2135.5,23490.5,26340.71,0.0,3946.44,-1096.23,1799.96,8926,32.0,0.0,8192.0,0,0,0.0,-23490.5,0.0,0.0,26340.713,0.0,-0.0,0.0,-0.0,0.0,-0.0,0.0,0.228,-3946.443,-0.007
485,24.25,0.0259,94.2045,-0.0006,-0.00019,4.13249,1e-05,4.13249,0.00019,4.13249,0.88245,2135.5,23490.5,26229.83,0.0,3816.35,-1077.026,1799.96,8926,32.0,0.0,8192.0,0,0,0.0,-23490.5,0.0,0.0,26229.829,0.0,-0.0,0.0,-0.0,0.0,-0.0,0.0,0.183,-3816.355,-0.006
490,24.5,0.0258,95.2189,-0.0006,-0.00015,4.00785,0.0,4.00785,0.00015,4.00785,0.87886,2135.5,23490.5,26122.69,0.0,3689.56,-1057.367,1799.97,8926,32.0,0.0,8192.0,0,0,0.0,-23490.5,0.0,0.0,26122.693,0.0,-0.0,0.0,-0.0,0.0,-0.0,0.0,0.141,-3689.56,-0.005
495,24.75,0.0258,96.2025,-0.0006,-0.0001,3.88555,0.0,3.88555,0.0001,3.88555,0.8754,2135.5,23490.5,26019.2,0.0,3566.03,-1037.328,1799.97,8926,32.0,0.0,8192.0,0,0,0.0,-23490.5,0.0,0.0,26019.205,0.0,-0.0,0.0,-0.0,0.0,-0.0,0.0,0.102,-3566.032,-0.003
500,25.0,0.0258,97.1558,-0.0006,-7e-05,3.76564,0.0,3.76564,7e-05,3.76564,0.87205,2135.5,23490.5,25919.27,0.0,3445.74,-1016.974,1799.98,8926,32.0,0.0,8192.0,0,0,0.0,-23490.5,0.0,0.0,25919.266,0.0,-0.0,0.0,-0.0,0.0,-0.0,0.0,0.066,-3445.74,-0.002
505,25.25,0.0258,98.0796,-0.0006,-3e-05,3.64813,0.0,3.64813,3e-05,3.64813,0.86883,2135.5,23490.5,25822.78,0.0,3328.65,-996.368,1799.98,8926,32.0,0.0,8192.0,0,0,0.0,-23490.5,0.0,0.0,25822.78,0.0,-0.0,0.0,-0.0,0.0,-0.0,0.0,0.034,-3328.648,-0.001
510,25.5,0.0258,98.9743,-0.0006,0.0,3.53307,0.0,3.53307,0.0,3.53307,0.86571,2135.5,23490.5,25729.65,0.0,3214.72,-975.566,1799.98,8926,32.0,0.0,8192.0,0,0,0.0,-23490.5,0.0,0.0,25729.65,0.0,-0.0,0.0,-0.0,0.0,-0.0,0.0,0.005,-3214.716,-0.0
515,25.75,0.0258,99.8406,-0.0006,3e-05,3.42046,-0.0,3.42046,3e-05,3.42046,0.86271,2135.5,23490.5,25639.78,0.0,3103.9,-954.62,1799.99,8926,32.0,0.0,8192.0,0,0,0.0,-23490.5,0.0,0.0,25639.781,0.0,-0.0,0.0,-0.0,0.0,-0.0,0.0,-0.02,-3103.902,0.0
520,26.0,0.0258,100.6792,-0.0006,5e-05,3.31032,-0.0,3.31032,5e-05,3.31032,0.85981,2135.5,23490.5,25553.08,0.0,2996.16,-933.579,1799.99,8926,32.0,0.0,8192.0,0,0,0.0,-23490.5,0.0,0.0,25553.081,0.0,-0.0,0.0,-0.0,0.0,-0.0,0.0,-0.042,-2996.159,0.001
525,26.25,0.0258,101.4906,-0.0006,7e-05,3.20265,-0.0,3.20265,7e-05,3.20265,0.85701,2135.5,23490.5,25469.46,0.0,2891.44,-912.485,1799.99,8926,32.0,0.0,8192.0,0,0,0.0,-23490.5,0.0,0.0,25469.456,0.0,-0.0,0.0,-0.0,0.0,-0.0,0.0,-0.06,-2891.441,0.002
530,26.5,0.0258,102.2754,-0.0006,9e-05,3.09746,-0.0,3.09746,9e-05,3.09746,0.85431,2135.5,23490.5,25388.82,0.0,2789.7,-891.381,1799.99,8926,32.0,0.0,8192.0,0,0,0.0,-23490.5,0.0,0.0,25388.816,0.0,-0.0,0.0,-0.0,0.0,-0.0,0.0,-0.074,-2789.697,0.002
535,26.75,0.0258,103.0343,-0.0006,0.0001,2.99474,-0.0,2.99474,0.0001,2.99474,0.85172,2135.5,23490.5,25311.07,0.0,2690.88,-870.302,1799.99,8926,32.0,0.0,8192.0,0,0,0.0,-23490.5,0.0,0.0,25311.074,0.0,-0.0,0.0,-0.0,0.0,-0.0,0.0,-0.086,-2690.876,0.002
540,27.0,0.0259,103.7679,-0.0006,0.00011,2.89449,-0.0,2.89449,0.00011,2.89449,0.84921,2135.5,23490.5,25236.14,0.0,2594.93,-849.283,1799.99,8926,32.0,0.0,8192.0,0,0,0.0,-23490.5,0.0,0.0,25236.142,0.0,-0.0,0.0,-0.0,0.0,-0.0,0.0,-0.095,-2594.925,0.003
545,27.25,0.0259,104.4768,-0.0006,0.00011,2.79671,-0.0,2.79671,0.00011,2.79671,0.8468,2135.5,23490.5,25163.94,0.0,2501.79,-828.356,1800.0,8926,32.0,0.0,8192.0,0,0,0.0,-23490.5,0.0,0.0,25163.935,0.0,-0.0,0.0,-0.0,0.0,-0.0,0.0,-0.101,-2501.791,0.003
550,27.5,0.0259,105.1616,-0.0006,0.00012,2.70136,-0.0,2.70136,0.00012,2.70136,0.84447,2135.5,23490.5,25094.37,0.0,2411.42,-807.549,1800.0,8926,32.0,0.0,8192.0,0,0,0.0,-23490.5,0.0,0.0,25094.37,0.0,-0.0,0.0,-0.0,0.0,-0.0,0.0,-0.105,-2411.419,0.003
555,27.75,0.0259,105.823,-0.0006,0.00012,2.60845,-0.0,2.60845,0.00012,2.60845,0.84223,2135.5,23490.5,25027.36,0.0,2323.75,-786.889,1800.0,8926,32.0,0.0,8192.0,0,0,0.0,-23490.5,0.0,0.0,25027.365,0.0,-0.0,0.0,-0.0,0.0,-0.0,0.0,-0.107,-2323.753,0.003
560,28.0,0.026,106.4615,-0.0006,0.00012,2.51794,-0.0,2.51794,0.00012,2.51794,0.84008,2135.5,23490.5,24962.84,0.0,2238.74,-766.399,1800.0,8926,32.0,0.0,8192.0,0,0,0.0,-23490.5,0.0,0.0,24962.84,0.0,-0.0,0.0,-0.0,0.0,-0.0,0.0,-0.107,-2238.739,0.003
565,28.25,0.026,107.0777,-0.0006,0.00012,2.42983,-0.0,2.42983,0.00012,2.42983,0.838,2135.5,23490.5,24900.72,0.0,2156.32,-746.101,1800.0,8926,32.0,0.0,8192.0,0,0,0.0,-23490.5,0.0,0.0,24900.718,0.0,-0.0,0.0,-0.0,0.0,-0.0,0.0,-0.105,-2156.319,0.003
570,28.5,0.026,107.6722,-0.0006,0.00012,2.34407,-0.0,2.34407,0.00012,2.34407,0.836,2135.5,23490.5,24840.92,0.0,2076.44,-726.016,1800.0,8926,32.0,0.0,8192.0,0,0,0.0,-23490.5,0.0,0.0,24840.922,0.0,-0.0,0.0,-0.0,0.0,-0.0,0.0,-0.102,-2076.439,0.003
575,28.75,0.0261,108.2457,-0.0006,0.00011,2.26065,-0.0,2.26065,0.00011,2.26065,0.83408,2135.5,23490.5,24783.38,0.0,1999.04,-706.162,1800.0,8926,32.0,0.0,8192.0,0,0,0.0,-23490.5,0.0,0.0,24783.379,0.0,-0.0,0.0,-0.0,0.0,-0.0,0.0,-0.098,-1999.041,0.003
580,29.0,0.0261,108.7986,-0.0006,0.00011,2.17954,-0.0,2.17954,0.00011,2.17954,0.83223,2135.5,23490.5,24728.02,0.0,1924.07,-686.555,1800.0,8926,32.0,0.0,8192.0,0,0,0.0,-23490.5,0.0,0.0,24728.015,0.0,-0.0,0.0,-0.0,0.0,-0.0,0.0,-0.093,-1924.07,0.003
585,29.25,0.0261,109.3317,-0.0006,0.0001,2.10071,-0.0,2.10071,0.0001,2.10071,0.83045,2135.5,23490.5,24674.76,0.0,1851.47,-667.21,1800.0,8926,32.0,0.0,8192.0,0,0,0.0,-23490.5,0.0,0.0,24674.761,0.0,-0.0,0.0,-0.0,0.0,-0.0,0.0,-0.088,-1851.47,0.002
590,29.5,0.0261,109.8453,-0.0006,9e-05,2.02412,-0.0,2.02412,9e-05,2.02412,0.82874,2135.5,23490.5,24623.55,0.0,1781.19,-648.14,1800.0,8926,32.0,0.0,8192.0,0,0,0.0,-23490.5,0.0,0.0,24623.546,0.0,-0.0,0.0,-0.0,0.0,-0.0,0.0,-0.082,-1781.186,0.002
595,29.75,0.0262,110.3401,-0.0006,9e-05,1.94975,-0.0,1.94975,9e-05,1.94975,0.82709,2135.5,23490.5,24574.3,0.0,1713.16,-629.357,1800.0,8926,32.0,0.0,8192.0,0,0,0.0,-23490.5,0.0,0.0,24574.305,0.0,-0.0,0.0,-0.0,0.0,-0.0,0.0,-0.076,-1713.162,0.002
600,30.0,0.0262,110.8167,-0.0006,8e-05,1.87755,-0.0,1.87755,8e-05,1.87755,0.82551,2135.5,23490.5,24526.97,0.0,1647.34,-610.873,1800.0,8926,32.0,0.0,8192.0,0,0,0.0,-23490.5,0.0,0.0,24526.971,0.0,-0.0,0.0,-0.0,0.0,-0.0,0.0,-0.069,-1647.344,0.002
605,30.25,0.0262,111.2755,-0.0006,7e-05,1.80749,-0.0,1.80749,7e-05,1.80749,0.82399,2135.5,23490.5,24481.48,0.0,1583.68,-592.696,1800.0,8926,32.0,0.0,8192.0,0,0,0.0,-23490.5,0.0,0.0,24481.481,0.0,-0.0,0.0,-0.0,0.0,-0.0,0.0,-0.063,-1583.677,0.002
610,30.5,0.0262,111.7172,-0.0006,6e-05,1.73954,-0.0,1.73954,6e-05,1.73954,0.82253,2135.5,23490.5,24437.77,0.0,1522.11,-574.834,1800.0,8926,32.0,0.0,8192.0,0,0,0.0,-23490.5,0.0,0.0,24437.773,0.0,-0.0,0.0,-0.0,0.0,-0.0,0.0,-0.057,-1522.107,0.002
615,30.75,0.0262,112.1421,-0.0006,6e-05,1.67365,-0.0,1.67365,6e-05,1.67365,0.82113,2135.5,23490.5,24395.79,0.0,1462.58,-557.296,1800.0,8926,32.0,0.0,8192.0,0,0,0.0,-23490.5,0.0,0.0,24395.786,0.0,-0.0,0.0,-0.0,0.0,-0.0,0.0,-0.051,-1462.582,0.001
620,31.0,0.0262,112.5509,-0.0006,5e-05,1.60979,-0.0,1.60979,5e-05,1.60979,0.81978,2135.5,23490.5,24355.46,0.0,1405.05,-540.086,1800.0,8926,32.0,0.0,8192.0,0,0,0.0,-23490.5,0.0,0.0,24355.463,0.0,-0.0,0.0,-0.0,0.0,-0.0,0.0,-0.045,-1405.049,0.001
625,31.25,0.0263,112.9441,-0.0006,4e-05,1.54792,-0.0,1.54792,4e-05,1.54792,0.81849,2135.5,23490.5,24316.74,0.0,1349.46,-523.211,1800.0,8926,32.0,0.0,8192.0,0,0,0.0,-23490.5,0.0,0.0,24316.745,0.0,-0.0,0.0,-0.0,0.0,-0.0,0.0,-0.04,-1349.456,0.001
630,31.5,0.0263,113.322,-0.0006,4e-05,1.488,-0.0,1.488,4e-05,1.488,0.81725,2135.5,23490.5,24279.58,0.0,1295.75,-506.675,1800.0,8926,32.0,0.0,8192.0,0,0,0.0,-23490.5,0.0,0.0,24279.577,0.0,-0.0,0.0,-0.0,0.0,-0.0,0.0,-0.035,-1295.751,0.001
635,31.75,0.0263,113.6853,-0.0006,3e-05,1.42999,-0.0,1.42999,3e-05,1.42999,0.81606,2135.5,23490.5,24243.91,0.0,1243.89,-490.48,1800.0,8926,32.0,0.0,8192.0,0,0,0.0,-23490.5,0.0,0.0,24243.905,0.0,-0.0,0.0,-0.0,0.0,-0.0,0.0,-0.03,-1243.886,0.001
640,32.0,0.0263,114.0343,-0.0006,3e-05,1.37385,-0.0,1.37385,3e-05,1.37385,0.81492,2135.5,23490.5,24209.68,0.0,1193.81,-474.631,1800.0,8926,32.0,0.0,8192.0,0,0,0.0,-23490.5,0.0,0.0,24209.678,0.0,-0.0,0.0,-0.0,0.0,-0.0,0.0,-0.026,-1193.808,0.001
645,32.25,0.0263,114.3696,-0.0006,3e-05,1.31954,-0.0,1.31954,3e-05,1.31954,0.81382,2135.5,23490.5,24176.84,0.0,1145.47,-459.128,1800.0,8926,32.0,0.0,8192.0,0,0,0.0,-23490.5,0.0,0.0,24176.843,0.0,-0.0,0.0,-0.0,0.0,-0.0,0.0,-0.023,-1145.471,0.001
650,32.5,0.0263,114.6916,-0.0006,2e-05,1.26702,-0.0,1.26702,2e-05,1.26702,0.81277,2135.5,23490.5,24145.35,0.0,1098.83,-443.973,1800.0,8926,32.0,0.0,8192.0,0,0,0.0,-23490.5,0.0,0.0,24145.352,0.0,-0.0,0.0,-0.0,0.0,-0.0,0.0,-0.019,-1098.825,0.001
655,32.75,0.0263,115.0007,-0.0006,2e-05,1.21624,-0.0,1.21624,2e-05,1.21624,0.81176,2135.5,23490.5,24115.16,0.0,1053.82,-429.168,1800.0,8926,32.0,0.0,8192.0,0,0,0.0,-23490.5,0.0,0.0,24115.156,0.0,-0.0,0.0,-0.0,0.0,-0.0,0.0,-0.016,-1053.824,0.0
660,33.0,0.0263,115.2973,-0.0006,2e-05,1.16717,-0.0,1.16717,2e-05,1.16717,0.81079,2135.5,23490.5,24086.21,0.0,1010.42,-414.711,1800.0,8926,32.0,0.0,8192.0,0,0,0.0,-23490.5,0.0,0.0,24086.209,0.0,-0.0,0.0,-0.0,0.0,-0.0,0.0,-0.014,-1010.42,0.0
665,33.25,0.0263,115.582,-0.0006,1e-05,1.11976,-0.0,1.11976,1e-05,1.11976,0.80987,2135.5,23490.5,24058.47,0.0,968.57,-400.602,1800.0,8926,32.0,0.0,8192.0,0,0,0.0,-23490.5,0.0,0.0,24058.466,0.0,-0.0,0.0,-0.0,0.0,-0.0,0.0,-0.012,-968.568,0.0
670,33.5,0.0263,115.855,-0.0006,1e-05,1.07398,-0.0,1.07398,1e-05,1.07398,0.80898,2135.5,23490.5,24031.88,0.0,928.22,-386.84,1800.0,8926,32.0,0.0,8192.0,0,0,0.0,-23490.5,0.0,0.0,24031.883,0.0,-0.0,0.0,-0.0,0.0,-0.0,0.0,-0.01,-928.223,0.0
675,33.75,0.0263,116.1169,-0.0006,1e-05,1.02978,-0.0,1.02978,1e-05,1.02978,0.80813,2135.5,23490.5,24006.42,0.0,889.34,-373.425,1800.0,8926,32.0,0.0,8192.0,0,0,0.0,-23490.5,0.0,0.0,24006.417,0.0,-0.0,0.0,-0.0,0.0,-0.0,0.0,-0.008,-889.342,0.0
680,34.0,0.0263,116.3679,-0.0006,1e-05,0.98713,-0.0,0.98713,1e-05,0.98713,0.80732,2135.5,23490.5,23982.03,0.0,851.88,-360.353,1800.0,8926,32.0,0.0,8192.0,0,0,0.0,-23490.5,0.0,0.0,23982.027,0.0,-0.0,0.0,-0.0,0.0,-0.0,0.0,-0.007,-851.88,0.0
685,34.25,0.0263,116.6085,-0.0006,1e-05,0.94598,-0.0,0.94598,1e-05,0.94598,0.80654,2135.5,23490.5,23958.67,0.0,815.8,-347.622,1800.0,8926,32.0,0.0,8192.0,0,0,0.0,-23490.5,0.0,0.0,23958.673,0.0,-0.0,0.0,-0.0,0.0,-0.0,0.0,-0.006,-815.795,0.0
690,34.5,0.0263,116.839,-0.0006,1e-05,0.90629,-0.0,0.90629,1e-05,0.90629,0.80579,2135.5,23490.5,23936.32,0.0,781.05,-335.229,1800.0,8926,32.0,0.0,8192.0,0,0,0.0,-23490.5,0.0,0.0,23936.317,0.0,-0.0,0.0,-0.0,0.0,-0.0,0.0,-0.006,-781.046,0.0
695,34.75,0.0263,117.0598,-0.0006,1e-05,0.86802,-0.0,0.86802,1e-05,0.86802,0.80508,2135.5,23490.5,23914.92,0.0,747.59,-323.172,1800.0,8926,32.0,0.0,8192.0,0,0,0.0,-23490.5,0.0,0.0,23914.921,0.0,-0.0,0.0,-0.0,0.0,-0.0,0.0,-0.005,-747.593,0.0
700,35.0,0.0263,117.2712,-0.0006,1e-05,0.83114,-0.0,0.83114,1e-05,0.83114,0.80439,2135.5,23490.5,23894.45,0.0,715.4,-311.447,1800.0,8926,32.0,0.0,8192.0,0,0,0.0,-23490.5,0.0,0.0,23894.448,0.0,-0.0,0.0,-0.0,0.0,-0.0,0.0,-0.005,-715.395,0.0
705,35.25,0.0263,117.4736,-0.0006,1e-05,0.79561,-0.0,0.79561,1e-05,0.79561,0.80374,2135.5,23490.5,23874.86,0.0,684.41,-300.05,1800.0,8926,32.0,0.0,8192.0,0,0,0.0,-23490.5,0.0,0.0,23874.863,0.0,-0.0,0.0,-0.0,0.0,-0.0,0.0,-0.004,-684.414,0.0
710,35.5,0.0263,117.6674,-0.0006,0.0,0.76139,-0.0,0.76139,0.0,0.76139,0.80311,2135.5,23490.5,23856.13,0.0,654.61,-288.977,1800.0,8926,32.0,0.0,8192.0,0,0,0.0,-23490.5,0.0,0.0,23856.134,0.0,-0.0,0.0,-0.0,0.0,-0.0,0.0,-0.004,-654.61,0.0
715,35.75,0.0263,117.8528,-0.0006,0.0,0.72843,-0.0,0.72843,0.0,0.72843,0.80252,2135.5,23490.5,23838.23,0.0,625.95,-278.223,1800.0,8926,32.0,0.0,8192.0,0,0,0.0,-23490.5,0.0,0.0,23838.225,0.0,-0.0,0.0,-0.0,0.0,-0.0,0.0,-0.004,-625.948,0.0
720,36.0,0.0263,118.0301,-0.0006,0.0,0.69671,-0.0,0.69671,0.0,0.69671,0.80195,2135.5,23490.5,23821.11,0.0,598.39,-267.784,1800.0,8926,32.0,0.0,8192.0,0,0,0.0,-23490.5,0.0,0.0,23821.106,0.0,-0.0,0.0,-0.0,0.0,-0.0,0.0,-0.004,-598.39,0.0
725,36.25,0.0263,118.1997,-0.0006,0.0,0.66619,-0.0,0.66619,0.0,0.66619,0.8014,2135.5,23490.5,23804.75,0.0,571.9,-257.656,1800.0,8926,32.0,0.0,8192.0,0,0,0.0,-23490.5,0.0,0.0,23804.746,0.0,-0.0,0.0,-0.0,0.0,-0.0,0.0,-0.004,-571.902,0.0
730,36.5,0.0263,118.3618,-0.0006,1e-05,0.63683,-0.0,0.63683,1e-05,0.63683,0.80088,2135.5,23490.5,23789.12,0.0,546.45,-247.832,1800.0,8926,32.0,0.0,8192.0,0,0,0.0,-23490.5,0.0,0.0,23789.115,0.0,-0.0,0.0,-0.0,0.0,-0.0,0.0,-0.004,-546.447,0.0
735,36.75,0.0263,118.5167,-0.0006,1e-05,0.60859,-0.0,0.60859,1e-05,0.60859,0.80038,2135.5,23490.5,23774.18,0.0,521.99,-238.309,1800.0,8926,32.0,0.0,8192.0,0,0,0.0,-23490.5,0.0,0.0,23774.184,0.0,-0.0,0.0,-0.0,0.0,-0.0,0.0,-0.004,-521.993,0.0
740,37.0,0.0263,118.6648,-0.0006,1e-05,0.58144,-0.0,0.58144,1e-05,0.58144,0.7999,2135.5,23490.5,23759.93,0.0,498.51,-229.081,1800.0,8926,32.0,0.0,8192.0,0,0,0.0,-23490.5,0.0,0.0,23759.926,0.0,-0.0,0.0,-0.0,0.0,-0.0,0.0,-0.005,-498.506,0.0
745,37.25,0.0263,118.8062,-0.0006,1e-05,0.55535,-0.0,0.55535,1e-05,0.55535,0.79945,2135.5,23490.5,23746.31,0.0,475.95,-220.142,1800.0,8926,32.0,0.0,8192.0,0,0,0.0,-23490.5,0.0,0.0,23746.313,0.0,-0.0,0.0,-0.0,0.0,-0.0,0.0,-0.005,-475.954,0.0
750,37.5,0.0263,118.9413,-0.0006,1e-05,0.53029,-0.0,0.53029,1e-05,0.53029,0.79902,2135.5,23490.5,23733.32,0.0,454.31,-211.486,1800.0,8926,32.0,0.0,8192.0,0,0,0.0,-23490.5,0.0,0.0,23733.319,0.0,-0.0,0.0,-0.0,0.0,-0.0,0.0,-0.005,-454.306,0.0
755,37.75,0.0263,119.0702,-0.0006,1e-05,0.50622,-0.0,0.50622,1e-05,0.50622,0.7986,2135.5,23490.5,23720.92,0.0,433.53,-203.109,1800.0,8926,32.0,0.0,8192.0,0,0,0.0,-23490.5,0.0,0.0,23720.92,0.0,-0.0,0.0,-0.0,0.0,-0.0,0.0,-0.005,-433.53,0.0
760,38.0,0.0263,119.1933,-0.0006,1e-05,0.4831,-0.0,0.4831,1e-05,0.4831,0.79821,2135.5,23490.5,23709.09,0.0,413.6,-195.005,1800.0,8926,32.0,0.0,8192.0,0,0,0.0,-23490.5,0.0,0.0,23709.092,0.0,-0.0,0.0,-0.0,0.0,-0.0,0.0,-0.005,-413.597,0.0
765,38.25,0.0263,119.3107,-0.0006,1e-05,0.46091,-0.0,0.46091,1e-05,0.46091,0.79783,2135.5,23490.5,23697.81,0.0,394.48,-187.167,1800.0,8926,32.0,0.0,8192.0,0,0,0.0,-23490.5,0.0,0.0,23697.81,0.0,-0.0,0.0,-0.0,0.0,-0.0,0.0,-0.005,-394.477,0.0
770,38.5,0.0263,119.4227,-0.0006,1e-05,0.43962,-0.0,0.43962,1e-05,0.43962,0.79747,2135.5,23490.5,23687.05,0.0,376.14,-179.59,1800.0,8926,32.0,0.0,8192.0,0,0,0.0,-23490.5,0.0,0.0,23687.052,0.0,-0.0,0.0,-0.0,0.0,-0.0,0.0,-0.005,-376.143,0.0
775,38.75,0.0263,119.5296,-0.0006,1e-05,0.41919,-0.0,0.41919,1e-05,0.41919,0.79713,2135.5,23490.5,23676.8,0.0,358.57,-172.268,1800.0,8926,32.0,0.0,8192.0,0,0,0.0,-23490.5,0.0,0.0,23676.798,0.0,-0.0,0.0,-0.0,0.0,-0.0,0.0,-0.005,-358.566,0.0
780,39.0,0.0263,119.6314,-0.0006,1e-05,0.3996,-0.0,0.3996,1e-05,0.3996,0.79681,2135.5,23490.5,23667.02,0.0,341.72,-165.196,1800.0,8926,32.0,0.0,8192.0,0,0,0.0,-23490.5,0.0,0.0,23667.025,0.0,-0.0,0.0,-0.0,0.0,-0.0,0.0,-0.005,-341.72,0.0
785,39.25,0.0263,119.7285,-0.0006,1e-05,0.38082,-0.0,0.38082,1e-05,0.38082,0.7965,2135.5,23490.5,23657.71,0.0,325.58,-158.366,1800.0,8926,32.0,0.0,8192.0,0,0,0.0,-23490.5,0.0,0.0,23657.713,0.0,-0.0,0.0,-0.0,0.0,-0.0,0.0,-0.005,-325.579,0.0
790,39.5,0.0263,119.821,-0.0006,1e-05,0.36282,-0.0,0.36282,1e-05,0.36282,0.7962,2135.5,23490.5,23648.84,0.0,310.12,-151.774,1800.0,8926,32.0,0.0,8192.0,0,0,0.0,-23490.5,0.0,0.0,23648.844,0.0,-0.0,0.0,-0.0,0.0,-0.0,0.0,-0.005,-310.118,0.0
795,39.75,0.0263,119.9091,-0.0006,1e-05,0.34558,-0.0,0.34558,1e-05,0.34558,0.79592,2135.5,23490.5,23640.4,0.0,295.31,-145.413,1800.0,8926,32.0,0.0,8192.0,0,0,0.0,-23490.5,0.0,0.0,23640.397,0.0,-0.0,0.0,-0.0,0.0,-0.0,0.0,-0.005,-295.311,0.0
800,40.0,0.0263,119.993,-0.0006,1e-05,0.32905,-0.0,0.32905,1e-05,0.32905,0.79565,2135.5,23490.5,23632.36,0.0,281.13,-139.278,1800.0,8926,32.0,0.0,8192.0,0,0,0.0,-23490.5,0.0,0.0,23632.356,0.0,-0.0,0.0,-0.0,0.0,-0.0,0.0,-0.005,-281.135,0.0
805,40.25,0.0263,120.0728,-0.0006,1e-05,0.31323,-0.0,0.31323,1e-05,0.31323,0.79539,2135.5,23490.5,23624.7,0.0,267.57,-133.363,1800.0,8926,32.0,0.0,8192.0,0,0,0.0,-23490.5,0.0,0.0,23624.703,0.0,-0.0,0.0,-0.0,0.0,-0.0,0.0,-0.005,-267.566,0.0
810,40.5,0.0263,120.1489,-0.0006,1e-05,0.29809,-0.0,0.29809,1e-05,0.29809,0.79515,2135.5,23490.5,23617.42,0.0,254.58,-127.661,1800.0,8926,32.0,0.0,8192.0,0,0,0.0,-23490.5,0.0,0.0,23617.421,0.0,-0.0,0.0,-0.0,0.0,-0.0,0.0,-0.005,-254.582,0.0
815,40.75,0.0263,120.2212,-0.0006,1e-05,0.28359,-0.0,0.28359,1e-05,0.28359,0.79492,2135.5,23490.5,23610.49,0.0,242.16,-122.167,1800.0,8926,32.0,0.0,8192.0,0,0,0.0,-23490.5,0.0,0.0,23610.494,0.0,-0.0,0.0,-0.0,0.0,-0.0,0.0,-0.004,-242.161,0.0
820,41.0,0.0263,120.29,-0.0006,0.0,0.26972,-0.0,0.26972,0.0,0.26972,0.7947,2135.5,23490.5,23603.91,0.0,230.28,-116.876,1800.0,8926,32.0,0.0,8192.0,0,0,0.0,-23490.5,0.0,0.0,23603.907,0.0,-0.0,0.0,-0.0,0.0,-0.0,0.0,-0.004,-230.282,0.0
825,41.25,0.0264,120.3554,-0.0006,0.0,0.25646,-0.0,0.25646,0.0,0.25646,0.79449,2135.5,23490.5,23597.64,0.0,218.92,-111.781,1800.0,8926,32.0,0.0,8192.0,0,0,0.0,-23490.5,0.0,0.0,23597.644,0.0,-0.0,0.0,-0.0,0.0,-0.0,0.0,-0.004,-218.925,0.0
830,41.5,0.0264,120.4176,-0.0006,0.0,0.24377,-0.0,0.24377,0.0,0.24377,0.79429,2135.5,23490.5,23591.69,0.0,208.07,-106.877,1800.0,8926,32.0,0.0,8192.0,0,0,0.0,-23490.5,0.0,0.0,23591.691,0.0,-0.0,0.0,-0.0,0.0,-0.0,0.0,-0.004,-208.068,0.0
835,41.75,0.0264,120.4767,-0.0006,0.0,0.23165,-0.0,0.23165,0.0,0.23165,0.79411,2135.5,23490.5,23586.03,0.0,197.69,-102.159,1800.0,8926,32.0,0.0,8192.0,0,0,0.0,-23490.5,0.0,0.0,23586.035,0.0,-0.0,0.0,-0.0,0.0,-0.0,0.0,-0.004,-197.694,0.0
840,42.0,0.0264,120.5329,-0.0006,0.0,0.22006,-0.0,0.22006,0.0,0.22006,0.79393,2135.5,23490.5,23580.66,0.0,187.78,-97.621,1800.0,8926,32.0,0.0,8192.0,0,0,0.0,-23490.5,0.0,0.0,23580.662,0.0,-0.0,0.0,-0.0,0.0,-0.0,0.0,-0.004,-187.783,0.0
845,42.25,0.0264,120.5862,-0.0006,0.0,0.20899,-0.0,0.20899,0.0,0.20899,0.79376,2135.5,23490.5,23575.56,0.0,178.32,-93.257,1800.0,8926,32.0,0.0,8192.0,0,0,0.0,-23490.5,0.0,0.0,23575.559,0.0,-0.0,0.0,-0.0,0.0,-0.0,0.0,-0.003,-178.317,0.0
850,42.5,0.0264,120.6369,-0.0006,0.0,0.19841,-0.0,0.19841,0.0,0.19841,0.7936,2135.5,23490.5,23570.72,0.0,169.28,-89.063,1800.0,8926,32.0,0.0,8192.0,0,0,0.0,-23490.5,0.0,0.0,23570.715,0.0,-0.0,0.0,-0.0,0.0,-0.0,0.0,-0.003,-169.278,0.0
855,42.75,0.0264,120.685,-0.0006,0.0,0.18832,-0.0,0.18832,0.0,0.18832,0.79344,2135.5,23490.5,23566.12,0.0,160.65,-85.032,1800.0,8926,32.0,0.0,8192.0,0,0,0.0,-23490.5,0.0,0.0,23566.118,0.0,-0.0,0.0,-0.0,0.0,-0.0,0.0,-0.003,-160.65,0.0
860,43.0,0.0264,120.7306,-0.0006,0.0,0.17868,-0.0,0.17868,0.0,0.17868,0.7933,2135.5,23490.5,23561.76,0.0,152.42,-81.161,1800.0,8926,32.0,0.0,8192.0,0,0,0.0,-23490.5,0.0,0.0,23561.755,0.0,-0.0,0.0,-0.0,0.0,-0.0,0.0,-0.003,-152.416,0.0
865,43.25,0.0264,120.7739,-0.0006,0.0,0.16948,-0.0,0.16948,0.0,0.16948,0.79316,2135.5,23490.5,23557.62,0.0,144.56,-77.443,1800.0,8926,32.0,0.0,8192.0,0,0,0.0,-23490.5,0.0,0.0,23557.618,0.0,-0.0,0.0,-0.0,0.0,-0.0,0.0,-0.003,-144.561,0.0
870,43.5,0.0264,120.8149,-0.0006,0.0,0.16071,-0.0,0.16071,0.0,0.16071,0.79303,2135.5,23490.5,23553.69,0.0,137.07,-73.875,1800.0,8926,32.0,0.0,8192.0,0,0,0.0,-23490.5,0.0,0.0,23553.694,0.0,-0.0,0.0,-0.0,0.0,-0.0,0.0,-0.003,-137.068,0.0
875,43.75,0.0264,120.8538,-0.0006,0.0,0.15234,-0.0,0.15234,0.0,0.15234,0.7929,2135.5,23490.5,23549.97,0.0,129.92,-70.45,1800.0,8926,32.0,0.0,8192.0,0,0,0.0,-23490.5,0.0,0.0,23549.974,0.0,-0.0,0.0,-0.0,0.0,-0.0,0.0,-0.002,-129.924,0.0
880,44.0,0.0264,120.8907,-0.0006,0.0,0.14437,-0.0,0.14437,0.0,0.14437,0.79279,2135.5,23490.5,23546.45,0.0,123.11,-67.164,1800.0,8926,32.0,0.0,8192.0,0,0,0.0,-23490.5,0.0,0.0,23546.45,0.0,-0.0,0.0,-0.0,0.0,-0.0,0.0,-0.002,-123.114,0.0
885,44.25,0.0264,120.9257,-0.0006,0.0,0.13676,-0.0,0.13676,0.0,0.13676,0.79268,2135.5,23490.5,23543.11,0.0,116.62,-64.013,1800.0,8926,32.0,0.0,8192.0,0,0,0.0,-23490.5,0.0,0.0,23543.11,0.0,-0.0,0.0,-0.0,0.0,-0.0,0.0,-0.002,-116.624,0.0
890,44.5,0.0264,120.9588,-0.0006,0.0,0.12951,-0.0,0.12951,0.0,0.12951,0.79257,2135.5,23490.5,23539.95,0.0,110.44,-60.992,1800.0,8926,32.0,0.0,8192.0,0,0,0.0,-23490.5,0.0,0.0,23539.948,0.0,-0.0,0.0,-0.0,0.0,-0.0,0.0,-0.002,-110.44,0.0
895,44.75,0.0264,120.9901,-0.0006,0.0,0.12261,-0.0,0.12261,0.0,0.12261,0.79247,2135.5,23490.5,23536.95,0.0,104.55,-58.097,1800.0,8926,32.0,0.0,8192.0,0,0,0.0,-23490.5,0.0,0.0,23536.954,0.0,-0.0,0.0,-0.0,0.0,-0.0,0.0,-0.002,-104.551,0.0
900,45.0,0.0264,121.0198,-0.0006,0.0,0.11604,-0.0,0.11604,0.0,0.11604,0.79238,2135.5,23490.5,23534.12,0.0,98.94,-55.323,1800.0,8926,32.0,0.0,8192.0,0,0,0.0,-23490.5,0.0,0.0,23534.12,0.0,-0.0,0.0,-0.0,0.0,-0.0,0.0,-0.002,-98.943,0.0
905,45.25,0.0264,121.0478,-0.0006,0.0,0.10978,-0.0,0.10978,0.0,0.10978,0.79229,2135.5,23490.5,23531.44,0.0,93.6,-52.666,1800.0,8926,32.0,0.0,8192.0,0,0,0.0,-23490.5,0.0,0.0,23531.438,0.0,-0.0,0.0,-0.0,0.0,-0.0,0.0,-0.002,-93.604,0.0
910,45.5,0.0264,121.0744,-0.0006,0.0,0.10382,-0.0,0.10382,0.0,0.10382,0.7922,2135.5,23490.5,23528.9,0.0,88.52,-50.122,1800.0,8926,32.0,0.0,8192.0,0,0,0.0,-23490.5,0.0,0.0,23528.902,0.0,-0.0,0.0,-0.0,0.0,-0.0,0.0,-0.002,-88.524,0.0
915,45.75,0.0264,121.0995,-0.0006,0.0,0.09815,-0.0,0.09815,0.0,0.09815,0.79212,2135.5,23490.5,23526.5,0.0,83.69,-47.686,1800.0,8926,32.0,0.0,8192.0,0,0,0.0,-23490.5,0.0,0.0,23526.505,0.0,-0.0,0.0,-0.0,0.0,-0.0,0.0,-0.002,-83.691,0.0
920,46.0,0.0264,121.1232,-0.0006,0.0,0.09276,-0.0,0.09276,0.0,0.09276,0.79205,2135.5,23490.5,23524.24,0.0,79.09,-45.355,1800.0,8926,32.0,0.0,8192.0,0,0,0.0,-23490.5,0.0,0.0,23524.238,0.0,-0.0,0.0,-0.0,0.0,-0.0,0.0,-0.001,-79.094,0.0
925,46.25,0.0264,121.1456,-0.0006,0.0,0.08764,-0.0,0.08764,0.0,0.08764,0.79198,2135.5,23490.5,23522.1,0.0,74.72,-43.126,1800.0,8926,32.0,0.0,8192.0,0,0,0.0,-23490.5,0.0,0.0,23522.097,0.0,-0.0,0.0,-0.0,0.0,-0.0,0.0,-0.001,-74.722,0.0
930,46.5,0.0264,121.1668,-0.0006,0.0,0.08276,-0.0,0.08276,0.0,0.08276,0.79191,2135.5,23490.5,23520.07,0.0,70.57,-40.993,1800.0,8926,32.0,0.0,8192.0,0,0,0.0,-23490.5,0.0,0.0,23520.074,0.0,-0.0,0.0,-0.0,0.0,-0.0,0.0,-0.001,-70.568,0.0
935,46.75,0.0264,121.1868,-0.0006,0.0,0.07813,-0.0,0.07813,0.0,0.07813,0.79184,2135.5,23490.5,23518.16,0.0,66.62,-38.955,1800.0,8926,32.0,0.0,8192.0,0,0,0.0,-23490.5,0.0,0.0,23518.164,0.0,-0.0,0.0,-0.0,0.0,-0.0,0.0,-0.001,-66.619,0.0
940,47.0,0.0264,121.2057,-0.0006,0.0,0.07373,-0.0,0.07373,0.0,0.07373,0.79178,2135.5,23490.5,23516.36,0.0,62.87,-37.006,1800.0,8926,32.0,0.0,8192.0,0,0,0.0,-23490.5,0.0,0.0,23516.362,0.0,-0.0,0.0,-0.0,0.0,-0.0,0.0,-0.001,-62.868,0.0
945,47.25,0.0264,121.2235,-0.0006,0.0,0.06955,-0.0,0.06955,0.0,0.06955,0.79173,2135.5,23490.5,23514.66,0.0,59.31,-35.144,1800.0,8926,32.0,0.0,8192.0,0,0,0.0,-23490.5,0.0,0.0,23514.662,0.0,-0.0,0.0,-0.0,0.0,-0.0,0.0,-0.001,-59.306,0.0
950,47.5,0.0264,121.2402,-0.0006,0.0,0.06558,-0.0,0.06558,0.0,0.06558,0.79168,2135.5,23490.5,23513.06,0.0,55.92,-33.366,1800.0,8926,32.0,0.0,8192.0,0,0,0.0,-23490.5,0.0,0.0,23513.058,0.0,-0.0,0.0,-0.0,0.0,-0.0,0.0,-0.001,-55.924,0.0
955,47.75,0.0264,121.2561,-0.0006,0.0,0.06182,-0.0,0.06182,0.0,0.06182,0.79162,2135.5,23490.5,23511.55,0.0,52.71,-31.667,1800.0,8926,32.0,0.0,8192.0,0,0,0.0,-23490.5,0.0,0.0,23511.546,0.0,-0.0,0.0,-0.0,0.0,-0.0,0.0,-0.001,-52.713,0.0
960,48.0,0.0264,121.271,-0.0006,0.0,0.05824,-0.0,0.05824,0.0,0.05824,0.79158,2135.5,23490.5,23510.12,0.0,49.67,-30.046,1800.0,8926,32.0,0.0,8192.0,0,0,0.0,-23490.5,0.0,0.0,23510.121,0.0,-0.0,0.0,-0.0,0.0,-0.0,0.0,-0.001,-49.667,0.0
965,48.25,0.0264,121.285,-0.0006,0.0,0.05485,-0.0,0.05485,0.0,0.05485,0.79153,2135.5,23490.5,23508.78,0.0,46.78,-28.499,1800.0,8926,32.0,0.0,8192.0,0,0,0.0,-23490.5,0.0,0.0,23508.779,0.0,-0.0,0.0,-0.0,0.0,-0.0,0.0,-0.001,-46.778,0.0
970,48.5,0.0264,121.2983,-0.0006,0.0,0.05164,-0.0,0.05164,0.0,0.05164,0.79149,2135.5,23490.5,23507.52,0.0,44.04,-27.023,1800.0,8926,32.0,0.0,8192.0,0,0,0.0,-23490.5,0.0,0.0,23507.516,0.0,-0.0,0.0,-0.0,0.0,-0.0,0.0,-0.001,-44.038,0.0
975,48.75,0.0264,121.3107,-0.0006,0.0,0.04859,-0.0,0.04859,0.0,0.04859,0.79145,2135.5,23490.5,23506.33,0.0,41.44,-25.615,1800.0,8926,32.0,0.0,8192.0,0,0,0.0,-23490.5,0.0,0.0,23506.326,0.0,-0.0,0.0,-0.0,0.0,-0.0,0.0,-0.001,-41.441,0.0
980,49.0,0.0264,121.3224,-0.0006,0.0,0.0457,-0.0,0.0457,0.0,0.0457,0.79141,2135.5,23490.5,23505.21,0.0,38.98,-24.272,1800.0,8926,32.0,0.0,8192.0,0,0,0.0,-23490.5,0.0,0.0,23505.207,0.0,-0.0,0.0,-0.0,0.0,-0.0,0.0,-0.001,-38.979,0.0
985,49.25,0.0264,121.3334,-0.0006,0.0,0.04296,-0.0,0.04296,0.0,0.04296,0.79138,2135.5,23490.5,23504.16,0.0,36.65,-22.992,1800.0,8926,32.0,0.0,8192.0,0,0,0.0,-23490.5,0.0,0.0,23504.155,0.0,-0.0,0.0,-0.0,0.0,-0.0,0.0,-0.001,-36.648,0.0
990,49.5,0.0264,121.3438,-0.0006,0.0,0.04037,-0.0,0.04037,0.0,0.04037,0.79135,2135.5,23490.5,23503.17,0.0,34.44,-21.773,1800.0,8926,32.0,0.0,8192.0,0,0,0.0,-23490.5,0.0,0.0,23503.166,0.0,-0.0,0.0,-0.0,0.0,-0.0,0.0,-0.001,-34.439,0.0
995,49.75,0.0264,121.3535,-0.0006,0.0,0.03792,-0.0,0.03792,0.0,0.03792,0.79132,2135.5,23490.5,23502.24,0.0,32.35,-20.611,1800.0,8926,32.0,0.0,8192.0,0,0,0.0,-23490.5,0.0,0.0,23502.237,0.0,-0.0,0.0,-0.0,0.0,-0.0,0.0,-0.001,-32.348,0.0
1000,50.0,0.0264,121.3626,-0.0006,0.0,0.0356,-0.0,0.0356,0.0,0.0356,0.79129,2135.5,23490.5,23501.36,0.0,30.37,-19.505,1800.0,8926,32.0,0.0,8192.0,0,0,0.0,-23490.5,0.0,0.0,23501.365,0.0,-0.0,0.0,-0.0,0.0,-0.0,0.0,-0.001,-30.37,0.0
1005,50.25,0.0264,121.3712,-0.0006,0.0,0.0334,-0.0,0.0334,0.0,0.0334,0.79126,2135.5,23490.5,23500.55,0.0,28.5,-18.452,1800.0,8926,32.0,0.0,8192.0,0,0,0.0,-23490.5,0.0,0.0,23500.546,0.0,-0.0,0.0,-0.0,0.0,-0.0,0.0,-0.001,-28.498,0.0
1010,50.5,0.0264,121.3792,-0.0006,0.0,0.03132,-0.0,0.03132,0.0,0.03132,0.79123,2135.5,23490.5,23499.78,0.0,26.73,-17.449,1800.0,8926,32.0,0.0,8192.0,0,0,0.0,-23490.5,0.0,0.0,23499.778,0.0,-0.0,0.0,-0.0,0.0,-0.0,0.0,-0.001,-26.727,0.0
1015,50.75,0.0264,121.3868,-0.0006,0.0,0.02936,-0.0,0.02936,0.0,0.02936,0.79121,2135.5,23490.5,23499.06,0.0,25.05,-16.495,1800.0,8926,32.0,0.0,8192.0,0,0,0.0,-23490.5,0.0,0.0,23499.058,0.0,-0.0,0.0,-0.0,0.0,-0.0,0.0,-0.001,-25.053,0.0
1020,51.0,0.0264,121.3938,-0.0006,0.0,0.0275,-0.0,0.0275,0.0,0.0275,0.79119,2135.5,23490.5,23498.38,0.0,23.47,-15.588,1800.0,8926,32.0,0.0,8192.0,0,0,0.0,-23490.5,0.0,0.0,23498.383,0.0,-0.0,0.0,-0.0,0.0,-0.0,0.0,-0.0,-23.471,0.0
1025,51.25,0.0264,121.4004,-0.0006,0.0,0.02575,-0.0,0.02575,0.0,0.02575,0.79117,2135.5,23490.5,23497.75,0.0,21.98,-14.725,1800.0,8926,32.0,0.0,8192.0,0,0,0.0,-23490.5,0.0,0.0,23497.751,0.0,-0.0,0.0,-0.0,0.0,-0.0,0.0,-0.0,-21.976,0.0
1030,51.5,0.0264,121.4066,-0.0006,0.0,0.02409,-0.0,0.02409,0.0,0.02409,0.79115,2135.5,23490.5,23497.16,0.0,20.56,-13.905,1800.0,8926,32.0,0.0,8192.0,0,0,0.0,-23490.5,0.0,0.0,23497.16,0.0,-0.0,0.0,-0.0,0.0,-0.0,0.0,-0.0,-20.564,0.0
1035,51.75,0.0264,121.4124,-0.0006,0.0,0.02253,-0.0,0.02253,0.0,0.02253,0.79113,2135.5,23490.5,23496.61,0.0,19.23,-13.125,1800.0,8926,32.0,0.0,8192.0,0,0,0.0,-23490.5,0.0,0.0,23496.607,0.0,-0.0,0.0,-0.0,0.0,-0.0,0.0,-0.0,-19.232,0.0
1040,52.0,0.0264,121.4178,-0.0006,0.0,0.02105,-0.0,0.02105,0.0,0.02105,0.79111,2135.5,23490.5,23496.09,0.0,17.97,-12.385,1800.0,8926,32.0,0.0,8192.0,0,0,0.0,-23490.5,0.0,0.0,23496.089,0.0,-0.0,0.0,-0.0,0.0,-0.0,0.0,-0.0,-17.974,0.0
1045,52.25,0.0264,121.4229,-0.0006,0.0,0.01966,-0.0,0.01966,0.0,0.01966,0.79109,2135.5,23490.5,23495.61,0.0,16.79,-11.681,1800.0,8926,32.0,0.0,8192.0,0,0,0.0,-23490.5,0.0,0.0,23495.606,0.0,-0.0,0.0,-0.0,0.0,-0.0,0.0,-0.0,-16.787,0.0
1050,52.5,0.0264,121.4276,-0.0006,0.0,0.01835,-0.0,0.01835,0.0,0.01835,0.79108,2135.5,23490.5,23495.15,0.0,15.67,-11.014,1800.0,8926,32.0,0.0,8192.0,0,0,0.0,-23490.5,0.0,0.0,23495.155,0.0,-0.0,0.0,-0.0,0.0,-0.0,0.0,-0.0,-15.669,0.0
1055,52.75,0.0264,121.432,-0.0006,0.0,0.01711,-0.0,0.01711,0.0,0.01711,0.79107,2135.5,23490.5,23494.73,0.0,14.61,-10.38,1800.0,8926,32.0,0.0,8192.0,0,0,0.0,-23490.5,0.0,0.0,23494.734,0.0,-0.0,0.0,-0.0,0.0,-0.0,0.0,-0.0,-14.614,0.0
1060,53.0,0.0264,121.4361,-0.0006,0.0,0.01594,-0.0,0.01594,0.0,0.01594,0.79105,2135.5,23490.5,23494.34,0.0,13.62,-9.778,1800.0,8926,32.0,0.0,8192.0,0,0,0.0,-23490.5,0.0,0.0,23494.342,0.0,-0.0,0.0,-0.0,0.0,-0.0,0.0,-0.0,-13.62,0.0
1065,53.25,0.0264,121.4399,-0.0006,0.0,0.01485,-0.0,0.01485,0.0,0.01485,0.79104,2135.5,23490.5,23493.98,0.0,12.68,-9.208,1800.0,8926,32.0,0.0,8192.0,0,0,0.0,-23490.5,0.0,0.0,23493.976,0.0,-0.0,0.0,-0.0,0.0,-0.0,0.0,-0.0,-12.684,0.0
1070,53.5,0.0264,121.4435,-0.0006,0.0,0.01381,-0.0,0.01381,0.0,0.01381,0.79103,2135.5,23490.5,23493.64,0.0,11.8,-8.667,1800.0,8926,32.0,0.0,8192.0,0,0,0.0,-23490.5,0.0,0.0,23493.636,0.0,-0.0,0.0,-0.0,0.0,-0.0,0.0,-0.0,-11.803,0.0
1075,53.75,0.0264,121.4468,-0.0006,0.0,0.01284,-0.0,0.01284,0.0,0.01284,0.79102,2135.5,23490.5,23493.32,0.0,10.97,-8.154,1800.0,8926,32.0,0.0,8192.0,0,0,0.0,-23490.5,0.0,0.0,23493.319,0.0,-0.0,0.0,-0.0,0.0,-0.0,0.0,-0.0,-10.974,0.0
1080,54.0,0.0264,121.4498,-0.0006,0.0,0.01193,-0.0,0.01193,0.0,0.01193,0.79101,2135.5,23490.5,23493.03,0.0,10.19,-7.668,1800.0,8926,32.0,0.0,8192.0,0,0,0.0,-23490.5,0.0,0.0,23493.025,0.0,-0.0,0.0,-0.0,0.0,-0.0,0.0,-0.0,-10.194,0.0
1085,54.25,0.0264,121.4527,-0.0006,0.0,0.01107,-0.0,0.01107,0.0,0.01107,0.791,2135.5,23490.5,23492.75,0.0,9.46,-7.208,1800.0,8926,32.0,0.0,8192.0,0,0,0.0,-23490.5,0.0,0.0,23492.752,0.0,-0.0,0.0,-0.0,0.0,-0.0,0.0,-0.0,-9.461,0.0
1090,54.5,0.0264,121.4553,-0.0006,0.0,0.01026,-0.0,0.01026,0.0,0.01026,0.79099,2135.5,23490.5,23492.5,0.0,8.77,-6.772,1800.0,8926,32.0,0.0,8192.0,0,0,0.0,-23490.5,0.0,0.0,23492.499,0.0,-0.0,0.0,-0.0,0.0,-0.0,0.0,-0.0,-8.771,0.0
1095,54.75,0.0264,121.4578,-0.0006,0.0,0.0095,-0.0,0.0095,0.0,0.0095,0.79098,2135.5,23490.5,23492.26,0.0,8.12,-6.36,1800.0,8926,32.0,0.0,8192.0,0,0,0.0,-23490.5,0.0,0.0,23492.265,0.0,-0.0,0.0,-0.0,0.0,-0.0,0.0,-0.0,-8.124,0.0
1100,55.0,0.0264,121.4601,-0.0006,0.0,0.00879,-0.0,0.00879,0.0,0.00879,0.79098,2135.5,23490.5,23492.05,0.0,7.52,-5.969,1800.0,8926,32.0,0.0,8192.0,0,0,0.0,-23490.5,0.0,0.0,23492.047,0.0,-0.0,0.0,-0.0,0.0,-0.0,0.0,-0.0,-7.517,0.0
1105,55.25,0.0264,121.4622,-0.0006,0.0,0.00812,-0.0,0.00812,0.0,0.00812,0.79097,2135.5,23490.5,23491.85,0.0,6.95,-5.6,1800.0,8926,32.0,0.0,8192.0,0,0,0.0,-23490.5,0.0,0.0,23491.847,0.0,-0.0,0.0,-0.0,0.0,-0.0,0.0,-0.0,-6.946,0.0
1110,55.5,0.0264,121.4641,-0.0006,0.0,0.00749,-0.0,0.00749,0.0,0.00749,0.79096,2135.5,23490.5,23491.66,0.0,6.41,-5.25,1800.0,8926,32.0,0.0,8192.0,0,0,0.0,-23490.5,0.0,0.0,23491.661,0.0,-0.0,0.0,-0.0,0.0,-0.0,0.0,-0.0,-6.412,0.0
1115,55.75,0.0264,121.4659,-0.0006,0.0,0.0069,-0.0,0.0069,0.0,0.0069,0.79096,2135.5,23490.5,23491.49,0.0,5.91,-4.92,1800.0,8926,32.0,0.0,8192.0,0,0,0.0,-23490.5,0.0,0.0,23491.49,0.0,-0.0,0.0,-0.0,0.0,-0.0,0.0,-0.0,-5.91,0.0
1120,56.0,0.0264,121.4675,-0.0006,0.0,0.00635,-0.0,0.00635,0.0,0.00635,0.79095,2135.5,23490.5,23491.33,0.0,5.44,-4.608,1800.0,8926,32.0,0.0,8192.0,0,0,0.0,-23490.5,0.0,0.0,23491.333,0.0,-0.0,0.0,-0.0,0.0,-0.0,0.0,-0.0,-5.441,0.0
1125,56.25,0.0264,121.469,-0.0006,0.0,0.00584,-0.0,0.00584,0.0,0.00584,0.79095,2135.5,23490.5,23491.19,0.0,5.0,-4.313,1800.0,8926,32.0,0.0,8192.0,0,0,0.0,-23490.5,0.0,0.0,23491.188,0.0,-0.0,0.0,-0.0,0.0,-0.0,0.0,-0.0,-5.001,0.0
1130,56.5,0.0264,121.4704,-0.0006,0.0,0.00536,-0.0,0.00536,0.0,0.00536,0.79094,2135.5,23490.5,23491.05,0.0,4.59,-4.035,1800.0,8926,32.0,0.0,8192.0,0,0,0.0,-23490.5,0.0,0.0,23491.055,0.0,-0.0,0.0,-0.0,0.0,-0.0,0.0,-0.0,-4.59,0.0
1135,56.75,0.0264,121.4717,-0.0006,0.0,0.00491,-0.0,0.00491,0.0,0.00491,0.79094,2135.5,23490.5,23490.93,0.0,4.2,-3.772,1800.0,8926,32.0,0.0,8192.0,0,0,0.0,-23490.5,0.0,0.0,23490.933,0.0,-0.0,0.0,-0.0,0.0,-0.0,0.0,-0.0,-4.205,0.0
1140,57.0,0.0264,121.4728,-0.0006,0.0,0.00448,-0.0,0.00448,0.0,0.00448,0.79094,2135.5,23490.5,23490.82,0.0,3.85,-3.524,1800.0,8926,32.0,0.0,8192.0,0,0,0.0,-23490.5,0.0,0.0,23490.821,0.0,-0.0,0.0,-0.0,0.0,-0.0,0.0,-0.0,-3.845,0.0
1145,57.25,0.0264,121.4739,-0.0006,0.0,0.00409,-0.0,0.00409,0.0,0.00409,0.79093,2135.5,23490.5,23490.72,0.0,3.51,-3.29,1800.0,8926,32.0,0.0,8192.0,0,0,0.0,-23490.5,0.0,0.0,23490.719,0.0,-0.0,0.0,-0.0,0.0,-0.0,0.0,-0.0,-3.509,0.0
1150,57.5,0.0264,121.4749,-0.0006,0.0,0.00372,-0.0,0.00372,0.0,0.00372,0.79093,2135.5,23490.5,23490.63,0.0,3.2,-3.07,1800.0,8926,32.0,0.0,8192.0,0,0,0.0,-23490.5,0.0,0.0,23490.626,0.0,-0.0,0.0,-0.0,0.0,-0.0,0.0,-0.0,-3.196,0.0
1155,57.75,0.0264,121.4758,-0.0006,0.0,0.00338,-0.0,0.00338,0.0,0.00338,0.79093,2135.5,23490.5,23490.54,0.0,2.9,-2.862,1800.0,8926,32.0,0.0,8192.0,0,0,0.0,-23490.5,0.0,0.0,23490.541,0.0,-0.0,0.0,-0.0,0.0,-0.0,0.0,-0.0,-2.904,0.0
1160,58.0,0.0264,121.4765,-0.0006,0.0,0.00306,-0.0,0.00306,0.0,0.00306,0.79092,2135.5,23490.5,23490.46,0.0,2.63,-2.666,1800.0,8926,32.0,0.0,8192.0,0,0,0.0,-23490.5,0.0,0.0,23490.465,0.0,-0.0,0.0,-0.0,0.0,-0.0,0.0,-0.0,-2.631,0.0
1165,58.25,0.0264,121.4773,-0.0006,0.0,0.00277,-0.0,0.00277,0.0,0.00277,0.79092,2135.5,23490.5,23490.4,0.0,2.38,-2.482,1800.0,8926,32.0,0.0,8192.0,0,0,0.0,-23490.5,0.0,0.0,23490.395,0.0,-0.0,0.0,-0.0,0.0,-0.0,0.0,-0.0,-2.378,0.0
1170,58.5,0.0264,121.4779,-0.0006,0.0,0.00249,-0.0,0.00249,0.0,0.00249,0.79092,2135.5,23490.5,23490.33,0.0,2.14,-2.309,1800.0,8926,32.0,0.0,8192.0,0,0,0.0,-23490.5,0.0,0.0,23490.333,0.0,-0.0,0.0,-0.0,0.0,-0.0,0.0,-0.0,-2.141,0.0
1175,58.75,0.0264,121.4785,-0.0006,0.0,0.00223,-0.0,0.00223,0.0,0.00223,0.79092,2135.5,23490.5,23490.28,0.0,1.92,-2.145,1800.0,8926,32.0,0.0,8192.0,0,0,0.0,-23490.5,0.0,0.0,23490.277,0.0,-0.0,0.0,-0.0,0.0,-0.0,0.0,-0.0,-1.922,0.0
1180,59.0,0.0264,121.479,-0.0006,0.0,0.00199,-0.0,0.00199,0.0,0.00199,0.79092,2135.5,23490.5,23490.23,0.0,1.72,-1.992,1800.0,8926,32.0,0.0,8192.0,0,0,0.0,-23490.5,0.0,0.0,23490.226,0.0,-0.0,0.0,-0.0,0.0,-0.0,0.0,-0.0,-1.718,0.0
1185,59.25,0.0264,121.4795,-0.0006,0.0,0.00177,-0.0,0.00177,0.0,0.00177,0.79091,2135.5,23490.5,23490.18,0.0,1.53,-1.848,1800.0,8926,32.0,0.0,8192.0,0,0,0.0,-23490.5,0.0,0.0,23490.181,0.0,-0.0,0.0,-0.0,0.0,-0.0,0.0,-0.0,-1.529,0.0
1190,59.5,0.0264,121.4799,-0.0006,0.0,0.00157,-0.0,0.00157,0.0,0.00157,0.79091,2135.5,23490.5,23490.14,0.0,1.35,-1.712,1800.0,8926,32.0,0.0,8192.0,0,0,0.0,-23490.5,0.0,0.0,23490.142,0.0,-0.0,0.0,-0.0,0.0,-0.0,0.0,-0.0,-1.354,0.0
1195,59.75,0.0264,121.4803,-0.0006,0.0,0.00138,-0.0,0.00138,0.0,0.00138,0.79091,2135.5,23490.5,23490.11,0.0,1.19,-1.585,1800.0,8926,32.0,0.0,8192.0,0,0,0.0,-23490.5,0.0,0.0,23490.106,0.0,-0.0,0.0,-0.0,0.0,-0.0,0.0,-0.0,-1.191,0.0
1200,60.0,0.0264,121.4806,-0.0006,0.0,0.0012,-0.0,0.0012,0.0,0.0012,0.79091,2135.5,23490.5,23490.08,0.0,1.04,-1.465,1800.0,8926,32.0,0.0,8192.0,0,0,0.0,-23490.5,0.0,0.0,23490.076,0.0,-0.0,0.0,-0.0,0.0,-0.0,0.0,-0.0,-1.041,0.0
