tick,temps_s,x,y,z,vx,vy,vz,vitesse,vitesse_horizontale,vitesse_verticale,pression,masse,poids,portance,poussee,trainee,resultante_y,gaz_total,gaz_capacite,regime_max,stress_su,capacite_su,au_sol,surcharge,f_gravite_x,f_gravite_y,f_gravite_z,f_ballon_x,f_ballon_y,f_ballon_z,f_ballon_x,f_ballon_y,f_ballon_z,f_ballon_x,f_ballon_y,f_ballon_z,f_helice@63.4.2_x,f_helice@63.4.2_y,f_helice@63.4.2_z,f_helice@63.4.22_x,f_helice@63.4.22_y,f_helice@63.4.22_z,f_helice@67.4.12_x,f_helice@67.4.12_y,f_helice@67.4.12_z,f_trainee_x,f_trainee_y,f_trainee_z
0,0.0,0.0,63.0,0.0,0.0,0.0,0.0,0.0,0.0,0.0,1.0,2070.75,22778.25,0.0,0.0,0.0,-22778.25,0.0,4505,256.0,0.0,8192.0,0,0,0.0,-22778.25,0.0,0.0,0.0,0.0,0.0,0.0,0.0,0.0,0.0,0.0,0.0,0.0,0.0,0.0,0.0,0.0,0.0,0.0,0.0,-0.0,-0.0,-0.0
5,0.25,0.0,62.6042,-0.0,-0.0,-2.5994,-0.0,2.5994,0.0,-2.5994,1.00158,2070.75,22778.25,0.0,0.0,1981.39,-20796.859,0.0,4505,256.0,0.0,8192.0,0,0,0.0,-22778.25,0.0,0.0,0.0,0.0,0.0,0.0,0.0,0.0,0.0,0.0,0.0,0.0,0.0,0.0,0.0,0.0,0.0,0.0,0.0,-0.0,1981.391,0.0
10,0.5,-0.0,61.6011,0.0,-0.0,-4.91856,0.0,4.91856,0.0,-4.91856,1.00561,2070.75,22778.25,0.0,0.0,4229.12,-18549.128,0.0,4505,256.0,0.0,8192.0,0,0,0.0,-22778.25,0.0,0.0,0.0,0.0,0.0,0.0,0.0,0.0,0.0,0.0,0.0,0.0,0.0,0.0,0.0,0.0,0.0,0.0,0.0,0.0,4229.122,-0.0
15,0.75,-0.0,60.0567,0.0,-0.0,-6.98541,0.0,6.98541,0.0,-6.98541,1.01184,2070.75,22778.25,0.0,0.0,6256.74,-16521.515,0.0,4505,256.0,0.0,8192.0,0,0,0.0,-22778.25,0.0,0.0,0.0,0.0,0.0,0.0,0.0,0.0,0.0,0.0,0.0,0.0,0.0,0.0,0.0,0.0,0.0,0.0,0.0,0.0,6256.735,-0.0
20,1.0,-0.0,58.0302,0.0,-0.0,-8.82401,0.0,8.82401,0.0,-8.82401,1.02008,2070.75,22778.25,0.0,0.0,8093.95,-14684.297,0.0,4505,256.0,0.0,8192.0,0,0,0.0,-22778.25,0.0,0.0,0.0,0.0,0.0,0.0,0.0,0.0,0.0,0.0,0.0,0.0,0.0,0.0,0.0,0.0,0.0,0.0,0.0,0.0,8093.953,-0.0
25,1.25,-0.0,55.5755,0.0,-0.0,-10.45533,0.0,10.45533,0.0,-10.45533,1.03014,2070.75,22778.25,0.0,0.0,9764.69,-13013.558,0.0,4505,256.0,0.0,8192.0,0,0,0.0,-22778.25,0.0,0.0,0.0,0.0,0.0,0.0,0.0,0.0,0.0,0.0,0.0,0.0,0.0,0.0,0.0,0.0,0.0,0.0,0.0,0.0,9764.692,-0.0
30,1.5,-0.0,52.7417,0.0,-0.0,-11.89783,0.0,11.89783,0.0,-11.89783,1.04188,2070.75,22778.25,0.0,0.0,11288.35,-11489.897,0.0,4505,256.0,0.0,8192.0,0,0,0.0,-22778.25,0.0,0.0,0.0,0.0,0.0,0.0,0.0,0.0,0.0,0.0,0.0,0.0,0.0,0.0,0.0,0.0,0.0,0.0,0.0,0.0,11288.353,0.0
35,1.75,-0.0,49.5735,0.0,0.0,-13.16789,0.0,13.16789,0.0,-13.16789,1.05516,2070.75,22778.25,0.0,0.0,12680.8,-10097.451,0.0,4505,256.0,0.0,8192.0,0,0,0.0,-22778.25,0.0,0.0,0.0,0.0,0.0,0.0,0.0,0.0,0.0,0.0,0.0,0.0,0.0,0.0,0.0,0.0,0.0,0.0,0.0,0.0,12680.799,-0.0
40,2.0,0.0,46.1116,0.0,0.0,-14.28024,0.0,14.28024,0.0,-14.28024,1.06986,2070.75,22778.25,0.0,0.0,13955.11,-8823.141,0.0,4505,256.0,0.0,8192.0,0,0,0.0,-22778.25,0.0,0.0,0.0,0.0,0.0,0.0,0.0,0.0,0.0,0.0,0.0,0.0,0.0,0.0,0.0,0.0,0.0,0.0,0.0,-0.0,13955.109,-0.0
45,2.25,0.0,42.3936,0.0,0.0,-15.24821,0.0,15.24821,0.0,-15.24821,1.08588,2070.75,22778.25,0.0,0.0,15122.17,-7656.081,0.0,4505,256.0,0.0,8192.0,0,0,0.0,-22778.25,0.0,0.0,0.0,0.0,0.0,0.0,0.0,0.0,0.0,0.0,0.0,0.0,0.0,0.0,0.0,0.0,0.0,0.0,0.0,-0.0,15122.169,-0.0
50,2.5,0.0,38.4537,0.0,0.0,-16.08394,0.0,16.08394,0.0,-16.08394,1.10312,2070.75,22778.25,0.0,0.0,16191.12,-6587.126,0.0,4505,256.0,0.0,8192.0,0,0,0.0,-22778.25,0.0,0.0,0.0,0.0,0.0,0.0,0.0,0.0,0.0,0.0,0.0,0.0,0.0,0.0,0.0,0.0,0.0,0.0,0.0,-0.0,16191.124,-0.0
55,2.75,0.0,34.3232,-0.0,-0.0,-16.79859,-0.0,16.79859,0.0,-16.79859,1.12149,2070.75,22778.25,0.0,0.0,17169.75,-5608.501,0.0,4505,256.0,0.0,8192.0,0,0,0.0,-22778.25,0.0,0.0,0.0,0.0,0.0,0.0,0.0,0.0,0.0,0.0,0.0,0.0,0.0,0.0,0.0,0.0,0.0,0.0,0.0,-0.0,17169.749,0.0
60,3.0,0.0,30.0308,-0.0,-0.0,-17.40249,0.0,17.40249,0.0,-17.40249,1.1409,2070.75,22778.25,0.0,0.0,18064.74,-4713.515,0.0,4505,256.0,0.0,8192.0,0,0,0.0,-22778.25,0.0,0.0,0.0,0.0,0.0,0.0,0.0,0.0,0.0,0.0,0.0,0.0,0.0,0.0,0.0,0.0,0.0,0.0,0.0,0.0,18064.735,-0.0
65,3.25,0.0,25.6029,-0.0,0.0,-17.9052,0.0,17.9052,0.0,-17.9052,1.16128,2070.75,22778.25,0.0,0.0,18881.92,-3896.328,0.0,4505,256.0,0.0,8192.0,0,0,0.0,-22778.25,0.0,0.0,0.0,0.0,0.0,0.0,0.0,0.0,0.0,0.0,0.0,0.0,0.0,0.0,0.0,0.0,0.0,0.0,0.0,-0.0,18881.922,0.0
70,3.5,0.0,21.0632,-0.0,0.0,-18.31567,0.0,18.31567,0.0,-18.31567,1.18256,2070.75,22778.25,0.0,0.0,19626.48,-3151.768,0.0,4505,256.0,0.0,8192.0,0,0,0.0,-22778.25,0.0,0.0,0.0,0.0,0.0,0.0,0.0,0.0,0.0,0.0,0.0,0.0,0.0,0.0,0.0,0.0,0.0,0.0,0.0,-0.0,19626.482,0.0
75,3.75,0.0,16.4337,-0.0,0.0,-18.64224,0.0,18.64224,0.0,-18.64224,1.20466,2070.75,22778.25,0.0,0.0,20303.07,-2475.18,0.0,4505,256.0,0.0,8192.0,0,0,0.0,-22778.25,0.0,0.0,0.0,0.0,0.0,0.0,0.0,0.0,0.0,0.0,0.0,0.0,0.0,0.0,0.0,0.0,0.0,0.0,0.0,-0.0,20303.07,-0.0
80,4.0,0.0,11.912,0.0,0.0,0.0,-0.0,0.0,0.0,0.0,1.22664,2070.75,22778.25,0.0,0.0,20915.94,-1862.311,0.0,4505,256.0,0.0,8192.0,1,0,0.0,-22778.25,0.0,0.0,0.0,0.0,0.0,0.0,0.0,0.0,0.0,0.0,0.0,0.0,0.0,0.0,0.0,0.0,0.0,0.0,0.0,-0.0,20915.939,-0.0
85,4.25,0.0,11.8963,-0.0,-0.0,-0.54268,-0.0,0.54268,0.0,-0.54268,1.22672,2070.75,22778.25,0.0,0.0,0.0,-22778.25,0.0,4505,256.0,0.0,8192.0,0,0,0.0,-22778.25,0.0,0.0,0.0,0.0,0.0,0.0,0.0,0.0,0.0,0.0,0.0,0.0,0.0,0.0,0.0,0.0,0.0,0.0,0.0,-0.0,0.0,0.0
90,4.5,0.0,11.3782,-0.0,0.0,-3.04761,-0.0,3.04761,0.0,-3.04761,1.22927,2070.75,22778.25,0.0,0.0,2866.44,-19911.808,0.0,4505,256.0,0.0,8192.0,0,0,0.0,-22778.25,0.0,0.0,0.0,0.0,0.0,0.0,0.0,0.0,0.0,0.0,0.0,0.0,0.0,0.0,0.0,0.0,0.0,0.0,0.0,-0.0,2866.442,0.0
95,4.75,0.0,10.5008,-0.0,0.0,-3.50936,-0.0,3.50936,0.0,-3.50936,1.23359,2070.75,22778.25,0.0,0.0,3920.38,0.0,0.0,4505,256.0,0.0,8192.0,1,0,0.0,-22778.25,0.0,0.0,0.0,0.0,0.0,0.0,0.0,0.0,0.0,0.0,0.0,0.0,0.0,0.0,0.0,0.0,0.0,0.0,0.0,-0.0,3920.378,0.0
100,5.0,0.0,9.941,-0.0,0.0,0.0,-0.0,0.0,0.0,0.0,1.23635,2070.75,22778.25,0.0,0.0,4925.75,0.0,0.0,4505,256.0,0.0,8192.0,1,0,0.0,-22778.25,0.0,0.0,0.0,0.0,0.0,0.0,0.0,0.0,0.0,0.0,0.0,0.0,0.0,0.0,0.0,0.0,0.0,0.0,0.0,-0.0,4925.752,0.0
105,5.25,0.0,10.3257,-0.0,0.0,-0.0,-0.0,0.0,0.0,-0.0,1.23445,2070.75,22778.25,0.0,0.0,0.0,0.0,0.0,4505,256.0,0.0,8192.0,1,0,0.0,-22778.25,0.0,0.0,0.0,0.0,0.0,0.0,0.0,0.0,0.0,0.0,0.0,0.0,0.0,0.0,0.0,0.0,0.0,0.0,0.0,-0.0,-0.0,0.0
110,5.5,0.0,10.1658,-0.0,0.0,-1.58492,-0.0,1.58492,0.0,-1.58492,1.23524,2070.75,22778.25,0.0,0.0,1197.96,-21580.293,0.0,4505,256.0,0.0,8192.0,0,0,0.0,-22778.25,0.0,0.0,0.0,0.0,0.0,0.0,0.0,0.0,0.0,0.0,0.0,0.0,0.0,0.0,0.0,0.0,0.0,0.0,0.0,-0.0,1197.957,0.0
115,5.75,0.0,9.7806,-0.0,0.0,0.0,-0.0,0.0,0.0,0.0,1.23715,2070.75,22778.25,0.0,0.0,0.0,0.0,0.0,4505,256.0,0.0,8192.0,1,0,0.0,-22778.25,0.0,0.0,0.0,0.0,0.0,0.0,0.0,0.0,0.0,0.0,0.0,0.0,0.0,0.0,0.0,0.0,0.0,0.0,0.0,-0.0,-0.0,0.0
120,6.0,0.0,9.7535,-0.0,0.0,-0.54263,-0.0,0.54263,0.0,-0.54263,1.23728,2070.75,22778.25,0.0,0.0,0.0,-22778.25,0.0,4505,256.0,0.0,8192.0,0,0,0.0,-22778.25,0.0,0.0,0.0,0.0,0.0,0.0,0.0,0.0,0.0,0.0,0.0,0.0,0.0,0.0,0.0,0.0,0.0,0.0,0.0,-0.0,0.0,0.0
125,6.25,0.0,9.7926,-0.0,0.0,-0.0,-0.0,0.0,0.0,-0.0,1.23709,2070.75,22778.25,0.0,0.0,0.0,0.0,0.0,4505,256.0,0.0,8192.0,1,0,0.0,-22778.25,0.0,0.0,0.0,0.0,0.0,0.0,0.0,0.0,0.0,0.0,0.0,0.0,0.0,0.0,0.0,0.0,0.0,0.0,0.0,-0.0,0.0,0.0
130,6.5,0.0,9.7244,-0.0,0.0,0.0,-0.0,0.0,0.0,0.0,1.23743,2070.75,22778.25,0.0,0.0,0.0,0.0,0.0,4505,256.0,0.0,8192.0,1,0,0.0,-22778.25,0.0,0.0,0.0,0.0,0.0,0.0,0.0,0.0,0.0,0.0,0.0,0.0,0.0,0.0,0.0,0.0,0.0,0.0,0.0,-0.0,-0.0,0.0
135,6.75,0.0,9.6973,-0.0,0.0,-0.54263,-0.0,0.54263,0.0,-0.54263,1.23756,2070.75,22778.25,0.0,0.0,0.0,-22778.25,0.0,4505,256.0,0.0,8192.0,0,0,0.0,-22778.25,0.0,0.0,0.0,0.0,0.0,0.0,0.0,0.0,0.0,0.0,0.0,0.0,0.0,0.0,0.0,0.0,0.0,0.0,0.0,-0.0,0.0,0.0
140,7.0,0.0,9.7644,-0.0,0.0,0.0,-0.0,0.0,0.0,0.0,1.23723,2070.75,22778.25,0.0,0.0,0.0,0.0,0.0,4505,256.0,0.0,8192.0,1,0,0.0,-22778.25,0.0,0.0,0.0,0.0,0.0,0.0,0.0,0.0,0.0,0.0,0.0,0.0,0.0,0.0,0.0,0.0,0.0,0.0,0.0,-0.0,-0.0,0.0
145,7.25,0.0,9.7348,-0.0,0.0,0.0,-0.0,0.0,0.0,0.0,1.23737,2070.75,22778.25,0.0,0.0,0.0,0.0,0.0,4505,256.0,0.0,8192.0,1,0,0.0,-22778.25,0.0,0.0,0.0,0.0,0.0,0.0,0.0,0.0,0.0,0.0,0.0,0.0,0.0,0.0,0.0,0.0,0.0,0.0,0.0,-0.0,-0.0,0.0
150,7.5,0.0,9.6805,-0.0,0.0,-0.54263,-0.0,0.54263,0.0,-0.54263,1.23764,2070.75,22778.25,0.0,0.0,608.14,0.0,0.0,4505,256.0,0.0,8192.0,1,0,0.0,-22778.25,0.0,0.0,0.0,0.0,0.0,0.0,0.0,0.0,0.0,0.0,0.0,0.0,0.0,0.0,0.0,0.0,0.0,0.0,0.0,-0.0,608.14,0.0
155,7.75,0.0,9.5449,-0.0,0.0,-0.54263,-0.0,0.54263,0.0,-0.54263,1.23831,2070.75,22778.25,0.0,0.0,608.42,0.0,0.0,4505,256.0,0.0,8192.0,1,0,0.0,-22778.25,0.0,0.0,0.0,0.0,0.0,0.0,0.0,0.0,0.0,0.0,0.0,0.0,0.0,0.0,0.0,0.0,0.0,0.0,0.0,-0.0,608.415,0.0
160,8.0,0.0,9.6275,-0.0,0.0,0.0,-0.0,0.0,0.0,0.0,1.23791,2070.75,22778.25,0.0,0.0,0.0,0.0,0.0,4505,256.0,0.0,8192.0,1,0,0.0,-22778.25,0.0,0.0,0.0,0.0,0.0,0.0,0.0,0.0,0.0,0.0,0.0,0.0,0.0,0.0,0.0,0.0,0.0,0.0,0.0,-0.0,-0.0,0.0
165,8.25,0.0,9.6275,-0.0,0.0,0.0,-0.0,0.0,0.0,0.0,1.23791,2070.75,22778.25,0.0,0.0,0.0,0.0,0.0,4505,256.0,0.0,8192.0,1,0,0.0,-22778.25,0.0,0.0,0.0,0.0,0.0,0.0,0.0,0.0,0.0,0.0,0.0,0.0,0.0,0.0,0.0,0.0,0.0,0.0,0.0,-0.0,-0.0,0.0
170,8.5,0.0,9.6275,-0.0,0.0,0.0,-0.0,0.0,0.0,0.0,1.23791,2070.75,22778.25,0.0,0.0,0.0,0.0,0.0,4505,256.0,0.0,8192.0,1,0,0.0,-22778.25,0.0,0.0,0.0,0.0,0.0,0.0,0.0,0.0,0.0,0.0,0.0,0.0,0.0,0.0,0.0,0.0,0.0,0.0,0.0,-0.0,-0.0,0.0
175,8.75,0.0,9.6275,-0.0,0.0,-0.0,-0.0,0.0,0.0,-0.0,1.23791,2070.75,22778.25,0.0,0.0,0.0,0.0,0.0,4505,256.0,0.0,8192.0,1,0,0.0,-22778.25,0.0,0.0,0.0,0.0,0.0,0.0,0.0,0.0,0.0,0.0,0.0,0.0,0.0,0.0,0.0,0.0,0.0,0.0,0.0,-0.0,0.0,0.0
180,9.0,0.0,9.6275,-0.0,0.0,-0.0,-0.0,0.0,0.0,-0.0,1.23791,2070.75,22778.25,0.0,0.0,0.0,0.0,0.0,4505,256.0,0.0,8192.0,1,0,0.0,-22778.25,0.0,0.0,0.0,0.0,0.0,0.0,0.0,0.0,0.0,0.0,0.0,0.0,0.0,0.0,0.0,0.0,0.0,0.0,0.0,-0.0,0.0,0.0
185,9.25,0.0,9.6275,-0.0,0.0,0.0,-0.0,0.0,0.0,0.0,1.23791,2070.75,22778.25,0.0,0.0,0.0,0.0,0.0,4505,256.0,0.0,8192.0,1,0,0.0,-22778.25,0.0,0.0,0.0,0.0,0.0,0.0,0.0,0.0,0.0,0.0,0.0,0.0,0.0,0.0,0.0,0.0,0.0,0.0,0.0,-0.0,-0.0,0.0
190,9.5,0.0,9.6275,-0.0,0.0,0.0,-0.0,0.0,0.0,0.0,1.23791,2070.75,22778.25,0.0,0.0,0.0,0.0,0.0,4505,256.0,0.0,8192.0,1,0,0.0,-22778.25,0.0,0.0,0.0,0.0,0.0,0.0,0.0,0.0,0.0,0.0,0.0,0.0,0.0,0.0,0.0,0.0,0.0,0.0,0.0,-0.0,-0.0,0.0
195,9.75,0.0,9.6275,-0.0,0.0,0.0,-0.0,0.0,0.0,0.0,1.23791,2070.75,22778.25,0.0,0.0,0.0,0.0,0.0,4505,256.0,0.0,8192.0,1,0,0.0,-22778.25,0.0,0.0,0.0,0.0,0.0,0.0,0.0,0.0,0.0,0.0,0.0,0.0,0.0,0.0,0.0,0.0,0.0,0.0,0.0,-0.0,-0.0,0.0
200,10.0,0.0,9.6275,-0.0,0.0,0.0,-0.0,0.0,0.0,0.0,1.23791,2070.75,22778.25,0.0,0.0,0.0,0.0,0.0,4505,256.0,576.0,8192.0,1,0,0.0,-22778.25,0.0,0.0,0.0,0.0,0.0,0.0,0.0,0.0,0.0,0.0,0.0,0.0,0.0,0.0,0.0,0.0,0.0,0.0,0.0,-0.0,-0.0,0.0
205,10.25,0.0,9.6275,-0.0,0.0,0.0,-0.0,0.0,0.0,0.0,1.23791,2070.75,22778.25,0.0,0.0,0.0,0.0,0.0,4505,256.0,576.0,8192.0,1,0,0.0,-22778.25,0.0,0.0,0.0,0.0,0.0,0.0,0.0,0.0,0.0,0.0,0.0,0.0,0.0,0.0,0.0,0.0,0.0,0.0,0.0,-0.0,-0.0,0.0
210,10.5,0.0,9.6275,-0.0,0.0,0.0,-0.0,0.0,0.0,0.0,1.23791,2070.75,22778.25,0.0,0.0,0.0,0.0,0.0,4505,256.0,576.0,8192.0,1,0,0.0,-22778.25,0.0,0.0,0.0,0.0,0.0,0.0,0.0,0.0,0.0,0.0,0.0,0.0,0.0,0.0,0.0,0.0,0.0,0.0,0.0,-0.0,-0.0,0.0
215,10.75,0.0,9.6275,-0.0,0.0,0.0,-0.0,0.0,0.0,0.0,1.23791,2070.75,22778.25,0.0,0.0,0.0,0.0,0.0,4505,256.0,576.0,8192.0,1,0,0.0,-22778.25,0.0,0.0,0.0,0.0,0.0,0.0,0.0,0.0,0.0,0.0,0.0,0.0,0.0,0.0,0.0,0.0,0.0,0.0,0.0,-0.0,-0.0,0.0
220,11.0,0.0,9.6275,-0.0,0.0,0.0,-0.0,0.0,0.0,0.0,1.23791,2070.75,22778.25,0.0,0.0,0.0,0.0,0.0,4505,256.0,576.0,8192.0,1,0,0.0,-22778.25,0.0,0.0,0.0,0.0,0.0,0.0,0.0,0.0,0.0,0.0,0.0,0.0,0.0,0.0,0.0,0.0,0.0,0.0,0.0,-0.0,-0.0,0.0
225,11.25,0.0,9.6275,-0.0,0.0,0.0,-0.0,0.0,0.0,0.0,1.23791,2070.75,22778.25,0.0,0.0,0.0,0.0,0.0,4505,256.0,576.0,8192.0,1,0,0.0,-22778.25,0.0,0.0,0.0,0.0,0.0,0.0,0.0,0.0,0.0,0.0,0.0,0.0,0.0,0.0,0.0,0.0,0.0,0.0,0.0,-0.0,-0.0,0.0
230,11.5,0.0,9.6275,-0.0,0.0,0.0,-0.0,0.0,0.0,0.0,1.23791,2070.75,22778.25,0.0,0.0,0.0,0.0,0.0,4505,256.0,576.0,8192.0,1,0,0.0,-22778.25,0.0,0.0,0.0,0.0,0.0,0.0,0.0,0.0,0.0,0.0,0.0,0.0,0.0,0.0,0.0,0.0,0.0,0.0,0.0,-0.0,-0.0,0.0
235,11.75,0.0,9.6275,-0.0,0.0,0.0,-0.0,0.0,0.0,0.0,1.23791,2070.75,22778.25,0.0,0.0,0.0,0.0,0.0,4505,256.0,576.0,8192.0,1,0,0.0,-22778.25,0.0,0.0,0.0,0.0,0.0,0.0,0.0,0.0,0.0,0.0,0.0,0.0,0.0,0.0,0.0,0.0,0.0,0.0,0.0,-0.0,-0.0,0.0
240,12.0,0.0,9.6275,-0.0,0.0,0.0,-0.0,0.0,0.0,0.0,1.23791,2070.75,22778.25,0.0,0.0,0.0,0.0,0.0,4505,256.0,576.0,8192.0,1,0,0.0,-22778.25,0.0,0.0,0.0,0.0,0.0,0.0,0.0,0.0,0.0,0.0,0.0,0.0,0.0,0.0,0.0,0.0,0.0,0.0,0.0,-0.0,-0.0,0.0
245,12.25,0.0,9.6275,-0.0,0.0,0.0,-0.0,0.0,0.0,0.0,1.23791,2070.75,22778.25,0.0,0.0,0.0,0.0,0.0,4505,256.0,576.0,8192.0,1,0,0.0,-22778.25,0.0,0.0,0.0,0.0,0.0,0.0,0.0,0.0,0.0,0.0,0.0,0.0,0.0,0.0,0.0,0.0,0.0,0.0,0.0,-0.0,-0.0,0.0
250,12.5,0.0,9.6275,-0.0,0.0,0.0,-0.0,0.0,0.0,0.0,1.23791,2070.75,22778.25,0.0,0.0,0.0,0.0,0.0,4505,256.0,576.0,8192.0,1,0,0.0,-22778.25,0.0,0.0,0.0,0.0,0.0,0.0,0.0,0.0,0.0,0.0,0.0,0.0,0.0,0.0,0.0,0.0,0.0,0.0,0.0,-0.0,-0.0,0.0
255,12.75,0.0,9.6275,-0.0,0.0,0.0,-0.0,0.0,0.0,0.0,1.23791,2070.75,22778.25,0.0,0.0,0.0,0.0,0.0,4505,256.0,576.0,8192.0,1,0,0.0,-22778.25,0.0,0.0,0.0,0.0,0.0,0.0,0.0,0.0,0.0,0.0,0.0,0.0,0.0,0.0,0.0,0.0,0.0,0.0,0.0,-0.0,-0.0,0.0
260,13.0,0.0,9.6275,-0.0,0.0,0.0,-0.0,0.0,0.0,0.0,1.23791,2070.75,22778.25,0.0,0.0,0.0,0.0,0.0,4505,256.0,576.0,8192.0,1,0,0.0,-22778.25,0.0,0.0,0.0,0.0,0.0,0.0,0.0,0.0,0.0,0.0,0.0,0.0,0.0,0.0,0.0,0.0,0.0,0.0,0.0,-0.0,-0.0,0.0
265,13.25,0.0,9.6275,-0.0,0.0,0.0,-0.0,0.0,0.0,0.0,1.23791,2070.75,22778.25,0.0,0.0,0.0,0.0,0.0,4505,256.0,576.0,8192.0,1,0,0.0,-22778.25,0.0,0.0,0.0,0.0,0.0,0.0,0.0,0.0,0.0,0.0,0.0,0.0,0.0,0.0,0.0,0.0,0.0,0.0,0.0,-0.0,-0.0,0.0
270,13.5,0.0,9.6275,-0.0,0.0,0.0,-0.0,0.0,0.0,0.0,1.23791,2070.75,22778.25,0.0,0.0,0.0,0.0,0.0,4505,256.0,576.0,8192.0,1,0,0.0,-22778.25,0.0,0.0,0.0,0.0,0.0,0.0,0.0,0.0,0.0,0.0,0.0,0.0,0.0,0.0,0.0,0.0,0.0,0.0,0.0,-0.0,-0.0,0.0
275,13.75,0.0,9.6275,-0.0,0.0,0.0,-0.0,0.0,0.0,0.0,1.23791,2070.75,22778.25,0.0,0.0,0.0,0.0,0.0,4505,256.0,576.0,8192.0,1,0,0.0,-22778.25,0.0,0.0,0.0,0.0,0.0,0.0,0.0,0.0,0.0,0.0,0.0,0.0,0.0,0.0,0.0,0.0,0.0,0.0,0.0,-0.0,-0.0,0.0
280,14.0,0.0,9.6275,-0.0,0.0,0.0,-0.0,0.0,0.0,0.0,1.23791,2070.75,22778.25,0.0,0.0,0.0,0.0,0.0,4505,256.0,576.0,8192.0,1,0,0.0,-22778.25,0.0,0.0,0.0,0.0,0.0,0.0,0.0,0.0,0.0,0.0,0.0,0.0,0.0,0.0,0.0,0.0,0.0,0.0,0.0,-0.0,-0.0,0.0
285,14.25,0.0,9.6275,-0.0,0.0,0.0,-0.0,0.0,0.0,0.0,1.23791,2070.75,22778.25,0.0,0.0,0.0,0.0,0.0,4505,256.0,576.0,8192.0,1,0,0.0,-22778.25,0.0,0.0,0.0,0.0,0.0,0.0,0.0,0.0,0.0,0.0,0.0,0.0,0.0,0.0,0.0,0.0,0.0,0.0,0.0,-0.0,-0.0,0.0
290,14.5,0.0,9.6275,-0.0,0.0,0.0,-0.0,0.0,0.0,0.0,1.23791,2070.75,22778.25,0.0,0.0,0.0,0.0,0.0,4505,256.0,576.0,8192.0,1,0,0.0,-22778.25,0.0,0.0,0.0,0.0,0.0,0.0,0.0,0.0,0.0,0.0,0.0,0.0,0.0,0.0,0.0,0.0,0.0,0.0,0.0,-0.0,-0.0,0.0
295,14.75,0.0,9.6275,-0.0,0.0,0.0,-0.0,0.0,0.0,0.0,1.23791,2070.75,22778.25,0.0,0.0,0.0,0.0,0.0,4505,256.0,576.0,8192.0,1,0,0.0,-22778.25,0.0,0.0,0.0,0.0,0.0,0.0,0.0,0.0,0.0,0.0,0.0,0.0,0.0,0.0,0.0,0.0,0.0,0.0,0.0,-0.0,-0.0,0.0
300,15.0,0.0,9.6275,-0.0,0.0,0.0,-0.0,0.0,0.0,0.0,1.23791,2070.75,22778.25,0.0,0.0,0.0,0.0,0.0,4505,256.0,576.0,8192.0,1,0,0.0,-22778.25,0.0,0.0,0.0,0.0,0.0,0.0,0.0,0.0,0.0,0.0,0.0,0.0,0.0,0.0,0.0,0.0,0.0,0.0,0.0,-0.0,-0.0,0.0
305,15.25,0.0,9.6275,-0.0,0.0,0.0,-0.0,0.0,0.0,0.0,1.23791,2070.75,22778.25,0.0,0.0,0.0,0.0,0.0,4505,256.0,576.0,8192.0,1,0,0.0,-22778.25,0.0,0.0,0.0,0.0,0.0,0.0,0.0,0.0,0.0,0.0,0.0,0.0,0.0,0.0,0.0,0.0,0.0,0.0,0.0,-0.0,-0.0,0.0
310,15.5,0.0,9.6275,-0.0,0.0,0.0,-0.0,0.0,0.0,0.0,1.23791,2070.75,22778.25,0.0,0.0,0.0,0.0,0.0,4505,256.0,576.0,8192.0,1,0,0.0,-22778.25,0.0,0.0,0.0,0.0,0.0,0.0,0.0,0.0,0.0,0.0,0.0,0.0,0.0,0.0,0.0,0.0,0.0,0.0,0.0,-0.0,-0.0,0.0
315,15.75,0.0,9.6275,-0.0,0.0,0.0,-0.0,0.0,0.0,0.0,1.23791,2070.75,22778.25,0.0,0.0,0.0,0.0,0.0,4505,256.0,576.0,8192.0,1,0,0.0,-22778.25,0.0,0.0,0.0,0.0,0.0,0.0,0.0,0.0,0.0,0.0,0.0,0.0,0.0,0.0,0.0,0.0,0.0,0.0,0.0,-0.0,-0.0,0.0
320,16.0,0.0,9.6275,-0.0,0.0,0.0,-0.0,0.0,0.0,0.0,1.23791,2070.75,22778.25,0.0,0.0,0.0,0.0,0.0,4505,256.0,576.0,8192.0,1,0,0.0,-22778.25,0.0,0.0,0.0,0.0,0.0,0.0,0.0,0.0,0.0,0.0,0.0,0.0,0.0,0.0,0.0,0.0,0.0,0.0,0.0,-0.0,-0.0,0.0
325,16.25,0.0,9.6275,-0.0,0.0,0.0,-0.0,0.0,0.0,0.0,1.23791,2070.75,22778.25,0.0,0.0,0.0,0.0,0.0,4505,256.0,576.0,8192.0,1,0,0.0,-22778.25,0.0,0.0,0.0,0.0,0.0,0.0,0.0,0.0,0.0,0.0,0.0,0.0,0.0,0.0,0.0,0.0,0.0,0.0,0.0,-0.0,-0.0,0.0
330,16.5,0.0,9.6275,-0.0,0.0,0.0,-0.0,0.0,0.0,0.0,1.23791,2070.75,22778.25,0.0,0.0,0.0,0.0,0.0,4505,256.0,576.0,8192.0,1,0,0.0,-22778.25,0.0,0.0,0.0,0.0,0.0,0.0,0.0,0.0,0.0,0.0,0.0,0.0,0.0,0.0,0.0,0.0,0.0,0.0,0.0,-0.0,-0.0,0.0
335,16.75,0.0,9.6275,-0.0,0.0,0.0,-0.0,0.0,0.0,0.0,1.23791,2070.75,22778.25,0.0,0.0,0.0,0.0,0.0,4505,256.0,576.0,8192.0,1,0,0.0,-22778.25,0.0,0.0,0.0,0.0,0.0,0.0,0.0,0.0,0.0,0.0,0.0,0.0,0.0,0.0,0.0,0.0,0.0,0.0,0.0,-0.0,-0.0,0.0
340,17.0,0.0,9.6275,-0.0,0.0,0.0,-0.0,0.0,0.0,0.0,1.23791,2070.75,22778.25,0.0,0.0,0.0,0.0,0.0,4505,256.0,576.0,8192.0,1,0,0.0,-22778.25,0.0,0.0,0.0,0.0,0.0,0.0,0.0,0.0,0.0,0.0,0.0,0.0,0.0,0.0,0.0,0.0,0.0,0.0,0.0,-0.0,-0.0,0.0
345,17.25,0.0,9.6275,-0.0,0.0,0.0,-0.0,0.0,0.0,0.0,1.23791,2070.75,22778.25,0.0,0.0,0.0,0.0,0.0,4505,256.0,576.0,8192.0,1,0,0.0,-22778.25,0.0,0.0,0.0,0.0,0.0,0.0,0.0,0.0,0.0,0.0,0.0,0.0,0.0,0.0,0.0,0.0,0.0,0.0,0.0,-0.0,-0.0,0.0
350,17.5,0.0,9.6275,-0.0,0.0,0.0,-0.0,0.0,0.0,0.0,1.23791,2070.75,22778.25,0.0,0.0,0.0,0.0,0.0,4505,256.0,576.0,8192.0,1,0,0.0,-22778.25,0.0,0.0,0.0,0.0,0.0,0.0,0.0,0.0,0.0,0.0,0.0,0.0,0.0,0.0,0.0,0.0,0.0,0.0,0.0,-0.0,-0.0,0.0
355,17.75,0.0,9.6275,-0.0,0.0,0.0,-0.0,0.0,0.0,0.0,1.23791,2070.75,22778.25,0.0,0.0,0.0,0.0,0.0,4505,256.0,576.0,8192.0,1,0,0.0,-22778.25,0.0,0.0,0.0,0.0,0.0,0.0,0.0,0.0,0.0,0.0,0.0,0.0,0.0,0.0,0.0,0.0,0.0,0.0,0.0,-0.0,-0.0,0.0
360,18.0,0.0,9.6275,-0.0,0.0,0.0,-0.0,0.0,0.0,0.0,1.23791,2070.75,22778.25,0.0,0.0,0.0,0.0,0.0,4505,256.0,576.0,8192.0,1,0,0.0,-22778.25,0.0,0.0,0.0,0.0,0.0,0.0,0.0,0.0,0.0,0.0,0.0,0.0,0.0,0.0,0.0,0.0,0.0,0.0,0.0,-0.0,-0.0,0.0
365,18.25,0.0,9.6275,-0.0,0.0,0.0,-0.0,0.0,0.0,0.0,1.23791,2070.75,22778.25,0.0,0.0,0.0,0.0,0.0,4505,256.0,576.0,8192.0,1,0,0.0,-22778.25,0.0,0.0,0.0,0.0,0.0,0.0,0.0,0.0,0.0,0.0,0.0,0.0,0.0,0.0,0.0,0.0,0.0,0.0,0.0,-0.0,-0.0,0.0
370,18.5,0.0,9.6275,-0.0,0.0,0.0,-0.0,0.0,0.0,0.0,1.23791,2070.75,22778.25,0.0,0.0,0.0,0.0,0.0,4505,256.0,576.0,8192.0,1,0,0.0,-22778.25,0.0,0.0,0.0,0.0,0.0,0.0,0.0,0.0,0.0,0.0,0.0,0.0,0.0,0.0,0.0,0.0,0.0,0.0,0.0,-0.0,-0.0,0.0
375,18.75,0.0,9.6275,-0.0,0.0,0.0,-0.0,0.0,0.0,0.0,1.23791,2070.75,22778.25,0.0,0.0,0.0,0.0,0.0,4505,256.0,576.0,8192.0,1,0,0.0,-22778.25,0.0,0.0,0.0,0.0,0.0,0.0,0.0,0.0,0.0,0.0,0.0,0.0,0.0,0.0,0.0,0.0,0.0,0.0,0.0,-0.0,-0.0,0.0
380,19.0,0.0,9.6275,-0.0,0.0,0.0,-0.0,0.0,0.0,0.0,1.23791,2070.75,22778.25,0.0,0.0,0.0,0.0,0.0,4505,256.0,576.0,8192.0,1,0,0.0,-22778.25,0.0,0.0,0.0,0.0,0.0,0.0,0.0,0.0,0.0,0.0,0.0,0.0,0.0,0.0,0.0,0.0,0.0,0.0,0.0,-0.0,-0.0,0.0
385,19.25,0.0,9.6275,-0.0,0.0,0.0,-0.0,0.0,0.0,0.0,1.23791,2070.75,22778.25,0.0,0.0,0.0,0.0,0.0,4505,256.0,576.0,8192.0,1,0,0.0,-22778.25,0.0,0.0,0.0,0.0,0.0,0.0,0.0,0.0,0.0,0.0,0.0,0.0,0.0,0.0,0.0,0.0,0.0,0.0,0.0,-0.0,-0.0,0.0
390,19.5,0.0,9.6275,-0.0,0.0,0.0,-0.0,0.0,0.0,0.0,1.23791,2070.75,22778.25,0.0,0.0,0.0,0.0,0.0,4505,256.0,576.0,8192.0,1,0,0.0,-22778.25,0.0,0.0,0.0,0.0,0.0,0.0,0.0,0.0,0.0,0.0,0.0,0.0,0.0,0.0,0.0,0.0,0.0,0.0,0.0,-0.0,-0.0,0.0
395,19.75,0.0,9.6275,-0.0,0.0,0.0,-0.0,0.0,0.0,0.0,1.23791,2070.75,22778.25,0.0,0.0,0.0,0.0,0.0,4505,256.0,576.0,8192.0,1,0,0.0,-22778.25,0.0,0.0,0.0,0.0,0.0,0.0,0.0,0.0,0.0,0.0,0.0,0.0,0.0,0.0,0.0,0.0,0.0,0.0,0.0,-0.0,-0.0,0.0
400,20.0,0.0,9.6275,-0.0,0.0,0.0,-0.0,0.0,0.0,0.0,1.23791,2070.75,22778.25,0.0,0.0,0.0,0.0,0.0,4505,256.0,576.0,8192.0,1,0,0.0,-22778.25,0.0,0.0,0.0,0.0,0.0,0.0,0.0,0.0,0.0,0.0,0.0,0.0,0.0,0.0,0.0,0.0,0.0,0.0,0.0,-0.0,-0.0,0.0
405,20.25,0.0,9.6275,-0.0,0.0,0.0,-0.0,0.0,0.0,0.0,1.23791,2070.75,22778.25,0.0,0.0,0.0,0.0,0.0,4505,256.0,576.0,8192.0,1,0,0.0,-22778.25,0.0,0.0,0.0,0.0,0.0,0.0,0.0,0.0,0.0,0.0,0.0,0.0,0.0,0.0,0.0,0.0,0.0,0.0,0.0,-0.0,-0.0,0.0
410,20.5,0.0,9.6275,-0.0,0.0,0.0,-0.0,0.0,0.0,0.0,1.23791,2070.75,22778.25,0.0,0.0,0.0,0.0,0.0,4505,256.0,576.0,8192.0,1,0,0.0,-22778.25,0.0,0.0,0.0,0.0,0.0,0.0,0.0,0.0,0.0,0.0,0.0,0.0,0.0,0.0,0.0,0.0,0.0,0.0,0.0,-0.0,-0.0,0.0
415,20.75,0.0,9.6275,-0.0,0.0,0.0,-0.0,0.0,0.0,0.0,1.23791,2070.75,22778.25,0.0,0.0,0.0,0.0,0.0,4505,256.0,576.0,8192.0,1,0,0.0,-22778.25,0.0,0.0,0.0,0.0,0.0,0.0,0.0,0.0,0.0,0.0,0.0,0.0,0.0,0.0,0.0,0.0,0.0,0.0,0.0,-0.0,-0.0,0.0
420,21.0,0.0,9.6275,-0.0,0.0,0.0,-0.0,0.0,0.0,0.0,1.23791,2070.75,22778.25,0.0,0.0,0.0,0.0,0.0,4505,256.0,576.0,8192.0,1,0,0.0,-22778.25,0.0,0.0,0.0,0.0,0.0,0.0,0.0,0.0,0.0,0.0,0.0,0.0,0.0,0.0,0.0,0.0,0.0,0.0,0.0,-0.0,-0.0,0.0
425,21.25,0.0,9.6275,-0.0,0.0,0.0,-0.0,0.0,0.0,0.0,1.23791,2070.75,22778.25,0.0,0.0,0.0,0.0,0.0,4505,256.0,576.0,8192.0,1,0,0.0,-22778.25,0.0,0.0,0.0,0.0,0.0,0.0,0.0,0.0,0.0,0.0,0.0,0.0,0.0,0.0,0.0,0.0,0.0,0.0,0.0,-0.0,-0.0,0.0
430,21.5,0.0,9.6275,-0.0,0.0,0.0,-0.0,0.0,0.0,0.0,1.23791,2070.75,22778.25,0.0,0.0,0.0,0.0,0.0,4505,256.0,576.0,8192.0,1,0,0.0,-22778.25,0.0,0.0,0.0,0.0,0.0,0.0,0.0,0.0,0.0,0.0,0.0,0.0,0.0,0.0,0.0,0.0,0.0,0.0,0.0,-0.0,-0.0,0.0
435,21.75,0.0,9.6275,-0.0,0.0,0.0,-0.0,0.0,0.0,0.0,1.23791,2070.75,22778.25,0.0,0.0,0.0,0.0,0.0,4505,256.0,576.0,8192.0,1,0,0.0,-22778.25,0.0,0.0,0.0,0.0,0.0,0.0,0.0,0.0,0.0,0.0,0.0,0.0,0.0,0.0,0.0,0.0,0.0,0.0,0.0,-0.0,-0.0,0.0
440,22.0,0.0,9.6275,-0.0,0.0,0.0,-0.0,0.0,0.0,0.0,1.23791,2070.75,22778.25,0.0,0.0,0.0,0.0,0.0,4505,256.0,576.0,8192.0,1,0,0.0,-22778.25,0.0,0.0,0.0,0.0,0.0,0.0,0.0,0.0,0.0,0.0,0.0,0.0,0.0,0.0,0.0,0.0,0.0,0.0,0.0,-0.0,-0.0,0.0
445,22.25,0.0,9.6275,-0.0,0.0,0.0,-0.0,0.0,0.0,0.0,1.23791,2070.75,22778.25,0.0,0.0,0.0,0.0,0.0,4505,256.0,576.0,8192.0,1,0,0.0,-22778.25,0.0,0.0,0.0,0.0,0.0,0.0,0.0,0.0,0.0,0.0,0.0,0.0,0.0,0.0,0.0,0.0,0.0,0.0,0.0,-0.0,-0.0,0.0
450,22.5,0.0,9.6275,-0.0,0.0,0.0,-0.0,0.0,0.0,0.0,1.23791,2070.75,22778.25,0.0,0.0,0.0,0.0,0.0,4505,256.0,576.0,8192.0,1,0,0.0,-22778.25,0.0,0.0,0.0,0.0,0.0,0.0,0.0,0.0,0.0,0.0,0.0,0.0,0.0,0.0,0.0,0.0,0.0,0.0,0.0,-0.0,-0.0,0.0
455,22.75,0.0,9.6275,-0.0,0.0,0.0,-0.0,0.0,0.0,0.0,1.23791,2070.75,22778.25,0.0,0.0,0.0,0.0,0.0,4505,256.0,576.0,8192.0,1,0,0.0,-22778.25,0.0,0.0,0.0,0.0,0.0,0.0,0.0,0.0,0.0,0.0,0.0,0.0,0.0,0.0,0.0,0.0,0.0,0.0,0.0,-0.0,-0.0,0.0
460,23.0,0.0,9.6275,-0.0,0.0,0.0,-0.0,0.0,0.0,0.0,1.23791,2070.75,22778.25,0.0,0.0,0.0,0.0,0.0,4505,256.0,576.0,8192.0,1,0,0.0,-22778.25,0.0,0.0,0.0,0.0,0.0,0.0,0.0,0.0,0.0,0.0,0.0,0.0,0.0,0.0,0.0,0.0,0.0,0.0,0.0,-0.0,-0.0,0.0
465,23.25,0.0,9.6275,-0.0,0.0,0.0,-0.0,0.0,0.0,0.0,1.23791,2070.75,22778.25,0.0,0.0,0.0,0.0,0.0,4505,256.0,576.0,8192.0,1,0,0.0,-22778.25,0.0,0.0,0.0,0.0,0.0,0.0,0.0,0.0,0.0,0.0,0.0,0.0,0.0,0.0,0.0,0.0,0.0,0.0,0.0,-0.0,-0.0,0.0
470,23.5,0.0,9.6275,-0.0,0.0,0.0,-0.0,0.0,0.0,0.0,1.23791,2070.75,22778.25,0.0,0.0,0.0,0.0,0.0,4505,256.0,576.0,8192.0,1,0,0.0,-22778.25,0.0,0.0,0.0,0.0,0.0,0.0,0.0,0.0,0.0,0.0,0.0,0.0,0.0,0.0,0.0,0.0,0.0,0.0,0.0,-0.0,-0.0,0.0
475,23.75,0.0,9.6275,-0.0,0.0,0.0,-0.0,0.0,0.0,0.0,1.23791,2070.75,22778.25,0.0,0.0,0.0,0.0,0.0,4505,256.0,576.0,8192.0,1,0,0.0,-22778.25,0.0,0.0,0.0,0.0,0.0,0.0,0.0,0.0,0.0,0.0,0.0,0.0,0.0,0.0,0.0,0.0,0.0,0.0,0.0,-0.0,-0.0,0.0
480,24.0,0.0,9.6275,-0.0,0.0,0.0,-0.0,0.0,0.0,0.0,1.23791,2070.75,22778.25,0.0,0.0,0.0,0.0,0.0,4505,256.0,576.0,8192.0,1,0,0.0,-22778.25,0.0,0.0,0.0,0.0,0.0,0.0,0.0,0.0,0.0,0.0,0.0,0.0,0.0,0.0,0.0,0.0,0.0,0.0,0.0,-0.0,-0.0,0.0
485,24.25,0.0,9.6275,-0.0,0.0,0.0,-0.0,0.0,0.0,0.0,1.23791,2070.75,22778.25,0.0,0.0,0.0,0.0,0.0,4505,256.0,576.0,8192.0,1,0,0.0,-22778.25,0.0,0.0,0.0,0.0,0.0,0.0,0.0,0.0,0.0,0.0,0.0,0.0,0.0,0.0,0.0,0.0,0.0,0.0,0.0,-0.0,-0.0,0.0
490,24.5,0.0,9.6275,-0.0,0.0,0.0,-0.0,0.0,0.0,0.0,1.23791,2070.75,22778.25,0.0,0.0,0.0,0.0,0.0,4505,256.0,576.0,8192.0,1,0,0.0,-22778.25,0.0,0.0,0.0,0.0,0.0,0.0,0.0,0.0,0.0,0.0,0.0,0.0,0.0,0.0,0.0,0.0,0.0,0.0,0.0,-0.0,-0.0,0.0
495,24.75,0.0,9.6275,-0.0,0.0,0.0,-0.0,0.0,0.0,0.0,1.23791,2070.75,22778.25,0.0,0.0,0.0,0.0,0.0,4505,256.0,576.0,8192.0,1,0,0.0,-22778.25,0.0,0.0,0.0,0.0,0.0,0.0,0.0,0.0,0.0,0.0,0.0,0.0,0.0,0.0,0.0,0.0,0.0,0.0,0.0,-0.0,-0.0,0.0
500,25.0,0.0,9.6275,-0.0,0.0,0.0,-0.0,0.0,0.0,0.0,1.23791,2070.75,22778.25,0.0,0.0,0.0,0.0,0.0,4505,256.0,576.0,8192.0,1,0,0.0,-22778.25,0.0,0.0,0.0,0.0,0.0,0.0,0.0,0.0,0.0,0.0,0.0,0.0,0.0,0.0,0.0,0.0,0.0,0.0,0.0,-0.0,-0.0,0.0
505,25.25,0.0,9.6275,-0.0,0.0,0.0,-0.0,0.0,0.0,0.0,1.23791,2070.75,22778.25,0.0,0.0,0.0,0.0,0.0,4505,256.0,576.0,8192.0,1,0,0.0,-22778.25,0.0,0.0,0.0,0.0,0.0,0.0,0.0,0.0,0.0,0.0,0.0,0.0,0.0,0.0,0.0,0.0,0.0,0.0,0.0,-0.0,-0.0,0.0
510,25.5,0.0,9.6275,-0.0,0.0,0.0,-0.0,0.0,0.0,0.0,1.23791,2070.75,22778.25,0.0,0.0,0.0,0.0,0.0,4505,256.0,576.0,8192.0,1,0,0.0,-22778.25,0.0,0.0,0.0,0.0,0.0,0.0,0.0,0.0,0.0,0.0,0.0,0.0,0.0,0.0,0.0,0.0,0.0,0.0,0.0,-0.0,-0.0,0.0
515,25.75,0.0,9.6275,-0.0,0.0,0.0,-0.0,0.0,0.0,0.0,1.23791,2070.75,22778.25,0.0,0.0,0.0,0.0,0.0,4505,256.0,576.0,8192.0,1,0,0.0,-22778.25,0.0,0.0,0.0,0.0,0.0,0.0,0.0,0.0,0.0,0.0,0.0,0.0,0.0,0.0,0.0,0.0,0.0,0.0,0.0,-0.0,-0.0,0.0
520,26.0,0.0,9.6275,-0.0,0.0,0.0,-0.0,0.0,0.0,0.0,1.23791,2070.75,22778.25,0.0,0.0,0.0,0.0,0.0,4505,256.0,576.0,8192.0,1,0,0.0,-22778.25,0.0,0.0,0.0,0.0,0.0,0.0,0.0,0.0,0.0,0.0,0.0,0.0,0.0,0.0,0.0,0.0,0.0,0.0,0.0,-0.0,-0.0,0.0
525,26.25,0.0,9.6275,-0.0,0.0,0.0,-0.0,0.0,0.0,0.0,1.23791,2070.75,22778.25,0.0,0.0,0.0,0.0,0.0,4505,256.0,576.0,8192.0,1,0,0.0,-22778.25,0.0,0.0,0.0,0.0,0.0,0.0,0.0,0.0,0.0,0.0,0.0,0.0,0.0,0.0,0.0,0.0,0.0,0.0,0.0,-0.0,-0.0,0.0
530,26.5,0.0,9.6275,-0.0,0.0,0.0,-0.0,0.0,0.0,0.0,1.23791,2070.75,22778.25,0.0,0.0,0.0,0.0,0.0,4505,256.0,576.0,8192.0,1,0,0.0,-22778.25,0.0,0.0,0.0,0.0,0.0,0.0,0.0,0.0,0.0,0.0,0.0,0.0,0.0,0.0,0.0,0.0,0.0,0.0,0.0,-0.0,-0.0,0.0
535,26.75,0.0,9.6275,-0.0,0.0,0.0,-0.0,0.0,0.0,0.0,1.23791,2070.75,22778.25,0.0,0.0,0.0,0.0,0.0,4505,256.0,576.0,8192.0,1,0,0.0,-22778.25,0.0,0.0,0.0,0.0,0.0,0.0,0.0,0.0,0.0,0.0,0.0,0.0,0.0,0.0,0.0,0.0,0.0,0.0,0.0,-0.0,-0.0,0.0
540,27.0,0.0,9.6275,-0.0,0.0,0.0,-0.0,0.0,0.0,0.0,1.23791,2070.75,22778.25,0.0,0.0,0.0,0.0,0.0,4505,256.0,576.0,8192.0,1,0,0.0,-22778.25,0.0,0.0,0.0,0.0,0.0,0.0,0.0,0.0,0.0,0.0,0.0,0.0,0.0,0.0,0.0,0.0,0.0,0.0,0.0,-0.0,-0.0,0.0
545,27.25,0.0,9.6275,-0.0,0.0,0.0,-0.0,0.0,0.0,0.0,1.23791,2070.75,22778.25,0.0,0.0,0.0,0.0,0.0,4505,256.0,576.0,8192.0,1,0,0.0,-22778.25,0.0,0.0,0.0,0.0,0.0,0.0,0.0,0.0,0.0,0.0,0.0,0.0,0.0,0.0,0.0,0.0,0.0,0.0,0.0,-0.0,-0.0,0.0
550,27.5,0.0,9.6275,-0.0,0.0,0.0,-0.0,0.0,0.0,0.0,1.23791,2070.75,22778.25,0.0,0.0,0.0,0.0,0.0,4505,256.0,576.0,8192.0,1,0,0.0,-22778.25,0.0,0.0,0.0,0.0,0.0,0.0,0.0,0.0,0.0,0.0,0.0,0.0,0.0,0.0,0.0,0.0,0.0,0.0,0.0,-0.0,-0.0,0.0
555,27.75,0.0,9.6275,-0.0,0.0,0.0,-0.0,0.0,0.0,0.0,1.23791,2070.75,22778.25,0.0,0.0,0.0,0.0,0.0,4505,256.0,576.0,8192.0,1,0,0.0,-22778.25,0.0,0.0,0.0,0.0,0.0,0.0,0.0,0.0,0.0,0.0,0.0,0.0,0.0,0.0,0.0,0.0,0.0,0.0,0.0,-0.0,-0.0,0.0
560,28.0,0.0,9.6275,-0.0,0.0,0.0,-0.0,0.0,0.0,0.0,1.23791,2070.75,22778.25,0.0,0.0,0.0,0.0,0.0,4505,256.0,576.0,8192.0,1,0,0.0,-22778.25,0.0,0.0,0.0,0.0,0.0,0.0,0.0,0.0,0.0,0.0,0.0,0.0,0.0,0.0,0.0,0.0,0.0,0.0,0.0,-0.0,-0.0,0.0
565,28.25,0.0,9.6275,-0.0,0.0,0.0,-0.0,0.0,0.0,0.0,1.23791,2070.75,22778.25,0.0,0.0,0.0,0.0,0.0,4505,256.0,576.0,8192.0,1,0,0.0,-22778.25,0.0,0.0,0.0,0.0,0.0,0.0,0.0,0.0,0.0,0.0,0.0,0.0,0.0,0.0,0.0,0.0,0.0,0.0,0.0,-0.0,-0.0,0.0
570,28.5,0.0,9.6275,-0.0,0.0,0.0,-0.0,0.0,0.0,0.0,1.23791,2070.75,22778.25,0.0,0.0,0.0,0.0,0.0,4505,256.0,576.0,8192.0,1,0,0.0,-22778.25,0.0,0.0,0.0,0.0,0.0,0.0,0.0,0.0,0.0,0.0,0.0,0.0,0.0,0.0,0.0,0.0,0.0,0.0,0.0,-0.0,-0.0,0.0
575,28.75,0.0,9.6275,-0.0,0.0,0.0,-0.0,0.0,0.0,0.0,1.23791,2070.75,22778.25,0.0,0.0,0.0,0.0,0.0,4505,256.0,576.0,8192.0,1,0,0.0,-22778.25,0.0,0.0,0.0,0.0,0.0,0.0,0.0,0.0,0.0,0.0,0.0,0.0,0.0,0.0,0.0,0.0,0.0,0.0,0.0,-0.0,-0.0,0.0
580,29.0,0.0,9.6275,-0.0,0.0,0.0,-0.0,0.0,0.0,0.0,1.23791,2070.75,22778.25,0.0,0.0,0.0,0.0,0.0,4505,256.0,576.0,8192.0,1,0,0.0,-22778.25,0.0,0.0,0.0,0.0,0.0,0.0,0.0,0.0,0.0,0.0,0.0,0.0,0.0,0.0,0.0,0.0,0.0,0.0,0.0,-0.0,-0.0,0.0
585,29.25,0.0,9.6275,-0.0,0.0,0.0,-0.0,0.0,0.0,0.0,1.23791,2070.75,22778.25,0.0,0.0,0.0,0.0,0.0,4505,256.0,576.0,8192.0,1,0,0.0,-22778.25,0.0,0.0,0.0,0.0,0.0,0.0,0.0,0.0,0.0,0.0,0.0,0.0,0.0,0.0,0.0,0.0,0.0,0.0,0.0,-0.0,-0.0,0.0
590,29.5,0.0,9.6275,-0.0,0.0,0.0,-0.0,0.0,0.0,0.0,1.23791,2070.75,22778.25,0.0,0.0,0.0,0.0,0.0,4505,256.0,576.0,8192.0,1,0,0.0,-22778.25,0.0,0.0,0.0,0.0,0.0,0.0,0.0,0.0,0.0,0.0,0.0,0.0,0.0,0.0,0.0,0.0,0.0,0.0,0.0,-0.0,-0.0,0.0
595,29.75,0.0,9.6275,-0.0,0.0,0.0,-0.0,0.0,0.0,0.0,1.23791,2070.75,22778.25,0.0,0.0,0.0,0.0,0.0,4505,256.0,576.0,8192.0,1,0,0.0,-22778.25,0.0,0.0,0.0,0.0,0.0,0.0,0.0,0.0,0.0,0.0,0.0,0.0,0.0,0.0,0.0,0.0,0.0,0.0,0.0,-0.0,-0.0,0.0
600,30.0,0.0,9.6275,-0.0,0.0,0.0,-0.0,0.0,0.0,0.0,1.23791,2070.75,22778.25,0.0,0.0,0.0,0.0,0.0,4505,256.0,1536.0,8192.0,1,0,0.0,-22778.25,0.0,0.0,0.0,0.0,0.0,0.0,0.0,0.0,0.0,0.0,0.0,0.0,0.0,0.0,0.0,0.0,0.0,0.0,0.0,-0.0,-0.0,0.0
605,30.25,0.0,9.6275,-0.0,0.0,0.0,-0.0,0.0,0.0,0.0,1.23791,2070.75,22778.25,0.0,0.0,0.0,0.0,0.0,4505,256.0,1536.0,8192.0,1,0,0.0,-22778.25,0.0,0.0,0.0,0.0,0.0,0.0,0.0,0.0,0.0,0.0,0.0,0.0,0.0,0.0,0.0,0.0,0.0,0.0,0.0,-0.0,-0.0,0.0
610,30.5,0.0,9.6275,-0.0,0.0,0.0,-0.0,0.0,0.0,0.0,1.23791,2070.75,22778.25,0.0,0.0,0.0,0.0,0.0,4505,256.0,1536.0,8192.0,1,0,0.0,-22778.25,0.0,0.0,0.0,0.0,0.0,0.0,0.0,0.0,0.0,0.0,0.0,0.0,0.0,0.0,0.0,0.0,0.0,0.0,0.0,-0.0,-0.0,0.0
615,30.75,0.0,9.6275,-0.0,0.0,0.0,-0.0,0.0,0.0,0.0,1.23791,2070.75,22778.25,0.0,0.0,0.0,0.0,0.0,4505,256.0,1536.0,8192.0,1,0,0.0,-22778.25,0.0,0.0,0.0,0.0,0.0,0.0,0.0,0.0,0.0,0.0,0.0,0.0,0.0,0.0,0.0,0.0,0.0,0.0,0.0,-0.0,-0.0,0.0
620,31.0,0.0,9.6275,-0.0,0.0,0.0,-0.0,0.0,0.0,0.0,1.23791,2070.75,22778.25,0.0,0.0,0.0,0.0,0.0,4505,256.0,1536.0,8192.0,1,0,0.0,-22778.25,0.0,0.0,0.0,0.0,0.0,0.0,0.0,0.0,0.0,0.0,0.0,0.0,0.0,0.0,0.0,0.0,0.0,0.0,0.0,-0.0,-0.0,0.0
625,31.25,0.0,9.6275,-0.0,0.0,0.0,-0.0,0.0,0.0,0.0,1.23791,2070.75,22778.25,0.0,0.0,0.0,0.0,0.0,4505,256.0,1536.0,8192.0,1,0,0.0,-22778.25,0.0,0.0,0.0,0.0,0.0,0.0,0.0,0.0,0.0,0.0,0.0,0.0,0.0,0.0,0.0,0.0,0.0,0.0,0.0,-0.0,-0.0,0.0
630,31.5,0.0,9.6275,-0.0,0.0,0.0,-0.0,0.0,0.0,0.0,1.23791,2070.75,22778.25,0.0,0.0,0.0,0.0,0.0,4505,256.0,1536.0,8192.0,1,0,0.0,-22778.25,0.0,0.0,0.0,0.0,0.0,0.0,0.0,0.0,0.0,0.0,0.0,0.0,0.0,0.0,0.0,0.0,0.0,0.0,0.0,-0.0,-0.0,0.0
635,31.75,0.0,9.6275,-0.0,0.0,0.0,-0.0,0.0,0.0,0.0,1.23791,2070.75,22778.25,0.0,0.0,0.0,0.0,0.0,4505,256.0,1536.0,8192.0,1,0,0.0,-22778.25,0.0,0.0,0.0,0.0,0.0,0.0,0.0,0.0,0.0,0.0,0.0,0.0,0.0,0.0,0.0,0.0,0.0,0.0,0.0,-0.0,-0.0,0.0
640,32.0,0.0,9.6275,-0.0,0.0,0.0,-0.0,0.0,0.0,0.0,1.23791,2070.75,22778.25,0.0,0.0,0.0,0.0,0.0,4505,256.0,1536.0,8192.0,1,0,0.0,-22778.25,0.0,0.0,0.0,0.0,0.0,0.0,0.0,0.0,0.0,0.0,0.0,0.0,0.0,0.0,0.0,0.0,0.0,0.0,0.0,-0.0,-0.0,0.0
645,32.25,0.0,9.6275,-0.0,0.0,0.0,-0.0,0.0,0.0,0.0,1.23791,2070.75,22778.25,0.0,0.0,0.0,0.0,0.0,4505,256.0,1536.0,8192.0,1,0,0.0,-22778.25,0.0,0.0,0.0,0.0,0.0,0.0,0.0,0.0,0.0,0.0,0.0,0.0,0.0,0.0,0.0,0.0,0.0,0.0,0.0,-0.0,-0.0,0.0
650,32.5,0.0,9.6275,-0.0,0.0,0.0,-0.0,0.0,0.0,0.0,1.23791,2070.75,22778.25,0.0,0.0,0.0,0.0,0.0,4505,256.0,1536.0,8192.0,1,0,0.0,-22778.25,0.0,0.0,0.0,0.0,0.0,0.0,0.0,0.0,0.0,0.0,0.0,0.0,0.0,0.0,0.0,0.0,0.0,0.0,0.0,-0.0,-0.0,0.0
655,32.75,0.0,9.6275,-0.0,0.0,0.0,-0.0,0.0,0.0,0.0,1.23791,2070.75,22778.25,0.0,0.0,0.0,0.0,0.0,4505,256.0,1536.0,8192.0,1,0,0.0,-22778.25,0.0,0.0,0.0,0.0,0.0,0.0,0.0,0.0,0.0,0.0,0.0,0.0,0.0,0.0,0.0,0.0,0.0,0.0,0.0,-0.0,-0.0,0.0
660,33.0,0.0,9.6275,-0.0,0.0,0.0,-0.0,0.0,0.0,0.0,1.23791,2070.75,22778.25,0.0,0.0,0.0,0.0,0.0,4505,256.0,1536.0,8192.0,1,0,0.0,-22778.25,0.0,0.0,0.0,0.0,0.0,0.0,0.0,0.0,0.0,0.0,0.0,0.0,0.0,0.0,0.0,0.0,0.0,0.0,0.0,-0.0,-0.0,0.0
665,33.25,0.0,9.6275,-0.0,0.0,0.0,-0.0,0.0,0.0,0.0,1.23791,2070.75,22778.25,0.0,0.0,0.0,0.0,0.0,4505,256.0,1536.0,8192.0,1,0,0.0,-22778.25,0.0,0.0,0.0,0.0,0.0,0.0,0.0,0.0,0.0,0.0,0.0,0.0,0.0,0.0,0.0,0.0,0.0,0.0,0.0,-0.0,-0.0,0.0
670,33.5,0.0,9.6275,-0.0,0.0,0.0,-0.0,0.0,0.0,0.0,1.23791,2070.75,22778.25,0.0,0.0,0.0,0.0,0.0,4505,256.0,1536.0,8192.0,1,0,0.0,-22778.25,0.0,0.0,0.0,0.0,0.0,0.0,0.0,0.0,0.0,0.0,0.0,0.0,0.0,0.0,0.0,0.0,0.0,0.0,0.0,-0.0,-0.0,0.0
675,33.75,0.0,9.6275,-0.0,0.0,0.0,-0.0,0.0,0.0,0.0,1.23791,2070.75,22778.25,0.0,0.0,0.0,0.0,0.0,4505,256.0,1536.0,8192.0,1,0,0.0,-22778.25,0.0,0.0,0.0,0.0,0.0,0.0,0.0,0.0,0.0,0.0,0.0,0.0,0.0,0.0,0.0,0.0,0.0,0.0,0.0,-0.0,-0.0,0.0
680,34.0,0.0,9.6275,-0.0,0.0,0.0,-0.0,0.0,0.0,0.0,1.23791,2070.75,22778.25,0.0,0.0,0.0,0.0,0.0,4505,256.0,1536.0,8192.0,1,0,0.0,-22778.25,0.0,0.0,0.0,0.0,0.0,0.0,0.0,0.0,0.0,0.0,0.0,0.0,0.0,0.0,0.0,0.0,0.0,0.0,0.0,-0.0,-0.0,0.0
685,34.25,0.0,9.6275,-0.0,0.0,0.0,-0.0,0.0,0.0,0.0,1.23791,2070.75,22778.25,0.0,0.0,0.0,0.0,0.0,4505,256.0,1536.0,8192.0,1,0,0.0,-22778.25,0.0,0.0,0.0,0.0,0.0,0.0,0.0,0.0,0.0,0.0,0.0,0.0,0.0,0.0,0.0,0.0,0.0,0.0,0.0,-0.0,-0.0,0.0
690,34.5,0.0,9.6275,-0.0,0.0,0.0,-0.0,0.0,0.0,0.0,1.23791,2070.75,22778.25,0.0,0.0,0.0,0.0,0.0,4505,256.0,1536.0,8192.0,1,0,0.0,-22778.25,0.0,0.0,0.0,0.0,0.0,0.0,0.0,0.0,0.0,0.0,0.0,0.0,0.0,0.0,0.0,0.0,0.0,0.0,0.0,-0.0,-0.0,0.0
695,34.75,0.0,9.6275,-0.0,0.0,0.0,-0.0,0.0,0.0,0.0,1.23791,2070.75,22778.25,0.0,0.0,0.0,0.0,0.0,4505,256.0,1536.0,8192.0,1,0,0.0,-22778.25,0.0,0.0,0.0,0.0,0.0,0.0,0.0,0.0,0.0,0.0,0.0,0.0,0.0,0.0,0.0,0.0,0.0,0.0,0.0,-0.0,-0.0,0.0
700,35.0,0.0,9.6275,-0.0,0.0,0.0,-0.0,0.0,0.0,0.0,1.23791,2070.75,22778.25,0.0,0.0,0.0,0.0,0.0,4505,256.0,1536.0,8192.0,1,0,0.0,-22778.25,0.0,0.0,0.0,0.0,0.0,0.0,0.0,0.0,0.0,0.0,0.0,0.0,0.0,0.0,0.0,0.0,0.0,0.0,0.0,-0.0,-0.0,0.0
705,35.25,0.0,9.6275,-0.0,0.0,0.0,-0.0,0.0,0.0,0.0,1.23791,2070.75,22778.25,0.0,0.0,0.0,0.0,0.0,4505,256.0,1536.0,8192.0,1,0,0.0,-22778.25,0.0,0.0,0.0,0.0,0.0,0.0,0.0,0.0,0.0,0.0,0.0,0.0,0.0,0.0,0.0,0.0,0.0,0.0,0.0,-0.0,-0.0,0.0
710,35.5,0.0,9.6275,-0.0,0.0,0.0,-0.0,0.0,0.0,0.0,1.23791,2070.75,22778.25,0.0,0.0,0.0,0.0,0.0,4505,256.0,1536.0,8192.0,1,0,0.0,-22778.25,0.0,0.0,0.0,0.0,0.0,0.0,0.0,0.0,0.0,0.0,0.0,0.0,0.0,0.0,0.0,0.0,0.0,0.0,0.0,-0.0,-0.0,0.0
715,35.75,0.0,9.6275,-0.0,0.0,0.0,-0.0,0.0,0.0,0.0,1.23791,2070.75,22778.25,0.0,0.0,0.0,0.0,0.0,4505,256.0,1536.0,8192.0,1,0,0.0,-22778.25,0.0,0.0,0.0,0.0,0.0,0.0,0.0,0.0,0.0,0.0,0.0,0.0,0.0,0.0,0.0,0.0,0.0,0.0,0.0,-0.0,-0.0,0.0
720,36.0,0.0,9.6275,-0.0,0.0,0.0,-0.0,0.0,0.0,0.0,1.23791,2070.75,22778.25,0.0,0.0,0.0,0.0,0.0,4505,256.0,1536.0,8192.0,1,0,0.0,-22778.25,0.0,0.0,0.0,0.0,0.0,0.0,0.0,0.0,0.0,0.0,0.0,0.0,0.0,0.0,0.0,0.0,0.0,0.0,0.0,-0.0,-0.0,0.0
725,36.25,0.0,9.6275,-0.0,0.0,0.0,-0.0,0.0,0.0,0.0,1.23791,2070.75,22778.25,0.0,0.0,0.0,0.0,0.0,4505,256.0,1536.0,8192.0,1,0,0.0,-22778.25,0.0,0.0,0.0,0.0,0.0,0.0,0.0,0.0,0.0,0.0,0.0,0.0,0.0,0.0,0.0,0.0,0.0,0.0,0.0,-0.0,-0.0,0.0
730,36.5,0.0,9.6275,-0.0,0.0,0.0,-0.0,0.0,0.0,0.0,1.23791,2070.75,22778.25,0.0,0.0,0.0,0.0,0.0,4505,256.0,1536.0,8192.0,1,0,0.0,-22778.25,0.0,0.0,0.0,0.0,0.0,0.0,0.0,0.0,0.0,0.0,0.0,0.0,0.0,0.0,0.0,0.0,0.0,0.0,0.0,-0.0,-0.0,0.0
735,36.75,0.0,9.6275,-0.0,0.0,0.0,-0.0,0.0,0.0,0.0,1.23791,2070.75,22778.25,0.0,0.0,0.0,0.0,0.0,4505,256.0,1536.0,8192.0,1,0,0.0,-22778.25,0.0,0.0,0.0,0.0,0.0,0.0,0.0,0.0,0.0,0.0,0.0,0.0,0.0,0.0,0.0,0.0,0.0,0.0,0.0,-0.0,-0.0,0.0
740,37.0,0.0,9.6275,-0.0,0.0,0.0,-0.0,0.0,0.0,0.0,1.23791,2070.75,22778.25,0.0,0.0,0.0,0.0,0.0,4505,256.0,1536.0,8192.0,1,0,0.0,-22778.25,0.0,0.0,0.0,0.0,0.0,0.0,0.0,0.0,0.0,0.0,0.0,0.0,0.0,0.0,0.0,0.0,0.0,0.0,0.0,-0.0,-0.0,0.0
745,37.25,0.0,9.6275,-0.0,0.0,0.0,-0.0,0.0,0.0,0.0,1.23791,2070.75,22778.25,0.0,0.0,0.0,0.0,0.0,4505,256.0,1536.0,8192.0,1,0,0.0,-22778.25,0.0,0.0,0.0,0.0,0.0,0.0,0.0,0.0,0.0,0.0,0.0,0.0,0.0,0.0,0.0,0.0,0.0,0.0,0.0,-0.0,-0.0,0.0
750,37.5,0.0,9.6275,-0.0,0.0,0.0,-0.0,0.0,0.0,0.0,1.23791,2070.75,22778.25,0.0,0.0,0.0,0.0,0.0,4505,256.0,1536.0,8192.0,1,0,0.0,-22778.25,0.0,0.0,0.0,0.0,0.0,0.0,0.0,0.0,0.0,0.0,0.0,0.0,0.0,0.0,0.0,0.0,0.0,0.0,0.0,-0.0,-0.0,0.0
755,37.75,0.0,9.6275,-0.0,0.0,0.0,-0.0,0.0,0.0,0.0,1.23791,2070.75,22778.25,0.0,0.0,0.0,0.0,0.0,4505,256.0,1536.0,8192.0,1,0,0.0,-22778.25,0.0,0.0,0.0,0.0,0.0,0.0,0.0,0.0,0.0,0.0,0.0,0.0,0.0,0.0,0.0,0.0,0.0,0.0,0.0,-0.0,-0.0,0.0
760,38.0,0.0,9.6275,-0.0,0.0,0.0,-0.0,0.0,0.0,0.0,1.23791,2070.75,22778.25,0.0,0.0,0.0,0.0,0.0,4505,256.0,1536.0,8192.0,1,0,0.0,-22778.25,0.0,0.0,0.0,0.0,0.0,0.0,0.0,0.0,0.0,0.0,0.0,0.0,0.0,0.0,0.0,0.0,0.0,0.0,0.0,-0.0,-0.0,0.0
765,38.25,0.0,9.6275,-0.0,0.0,0.0,-0.0,0.0,0.0,0.0,1.23791,2070.75,22778.25,0.0,0.0,0.0,0.0,0.0,4505,256.0,1536.0,8192.0,1,0,0.0,-22778.25,0.0,0.0,0.0,0.0,0.0,0.0,0.0,0.0,0.0,0.0,0.0,0.0,0.0,0.0,0.0,0.0,0.0,0.0,0.0,-0.0,-0.0,0.0
770,38.5,0.0,9.6275,-0.0,0.0,0.0,-0.0,0.0,0.0,0.0,1.23791,2070.75,22778.25,0.0,0.0,0.0,0.0,0.0,4505,256.0,1536.0,8192.0,1,0,0.0,-22778.25,0.0,0.0,0.0,0.0,0.0,0.0,0.0,0.0,0.0,0.0,0.0,0.0,0.0,0.0,0.0,0.0,0.0,0.0,0.0,-0.0,-0.0,0.0
775,38.75,0.0,9.6275,-0.0,0.0,0.0,-0.0,0.0,0.0,0.0,1.23791,2070.75,22778.25,0.0,0.0,0.0,0.0,0.0,4505,256.0,1536.0,8192.0,1,0,0.0,-22778.25,0.0,0.0,0.0,0.0,0.0,0.0,0.0,0.0,0.0,0.0,0.0,0.0,0.0,0.0,0.0,0.0,0.0,0.0,0.0,-0.0,-0.0,0.0
780,39.0,0.0,9.6275,-0.0,0.0,0.0,-0.0,0.0,0.0,0.0,1.23791,2070.75,22778.25,0.0,0.0,0.0,0.0,0.0,4505,256.0,1536.0,8192.0,1,0,0.0,-22778.25,0.0,0.0,0.0,0.0,0.0,0.0,0.0,0.0,0.0,0.0,0.0,0.0,0.0,0.0,0.0,0.0,0.0,0.0,0.0,-0.0,-0.0,0.0
785,39.25,0.0,9.6275,-0.0,0.0,0.0,-0.0,0.0,0.0,0.0,1.23791,2070.75,22778.25,0.0,0.0,0.0,0.0,0.0,4505,256.0,1536.0,8192.0,1,0,0.0,-22778.25,0.0,0.0,0.0,0.0,0.0,0.0,0.0,0.0,0.0,0.0,0.0,0.0,0.0,0.0,0.0,0.0,0.0,0.0,0.0,-0.0,-0.0,0.0
790,39.5,0.0,9.6275,-0.0,0.0,0.0,-0.0,0.0,0.0,0.0,1.23791,2070.75,22778.25,0.0,0.0,0.0,0.0,0.0,4505,256.0,1536.0,8192.0,1,0,0.0,-22778.25,0.0,0.0,0.0,0.0,0.0,0.0,0.0,0.0,0.0,0.0,0.0,0.0,0.0,0.0,0.0,0.0,0.0,0.0,0.0,-0.0,-0.0,0.0
795,39.75,0.0,9.6275,-0.0,0.0,0.0,-0.0,0.0,0.0,0.0,1.23791,2070.75,22778.25,0.0,0.0,0.0,0.0,0.0,4505,256.0,1536.0,8192.0,1,0,0.0,-22778.25,0.0,0.0,0.0,0.0,0.0,0.0,0.0,0.0,0.0,0.0,0.0,0.0,0.0,0.0,0.0,0.0,0.0,0.0,0.0,-0.0,-0.0,0.0
800,40.0,0.0,9.6275,-0.0,0.0,0.0,-0.0,0.0,0.0,0.0,1.23791,2070.75,22778.25,0.0,0.0,0.0,0.0,0.0,4505,256.0,1536.0,8192.0,1,0,0.0,-22778.25,0.0,0.0,0.0,0.0,0.0,0.0,0.0,0.0,0.0,0.0,0.0,0.0,0.0,0.0,0.0,0.0,0.0,0.0,0.0,-0.0,-0.0,0.0
805,40.25,0.0,9.6275,-0.0,0.0,0.0,-0.0,0.0,0.0,0.0,1.23791,2070.75,22778.25,0.0,0.0,0.0,0.0,0.0,4505,256.0,1536.0,8192.0,1,0,0.0,-22778.25,0.0,0.0,0.0,0.0,0.0,0.0,0.0,0.0,0.0,0.0,0.0,0.0,0.0,0.0,0.0,0.0,0.0,0.0,0.0,-0.0,-0.0,0.0
810,40.5,0.0,9.6275,-0.0,0.0,0.0,-0.0,0.0,0.0,0.0,1.23791,2070.75,22778.25,0.0,0.0,0.0,0.0,0.0,4505,256.0,1536.0,8192.0,1,0,0.0,-22778.25,0.0,0.0,0.0,0.0,0.0,0.0,0.0,0.0,0.0,0.0,0.0,0.0,0.0,0.0,0.0,0.0,0.0,0.0,0.0,-0.0,-0.0,0.0
815,40.75,0.0,9.6275,-0.0,0.0,0.0,-0.0,0.0,0.0,0.0,1.23791,2070.75,22778.25,0.0,0.0,0.0,0.0,0.0,4505,256.0,1536.0,8192.0,1,0,0.0,-22778.25,0.0,0.0,0.0,0.0,0.0,0.0,0.0,0.0,0.0,0.0,0.0,0.0,0.0,0.0,0.0,0.0,0.0,0.0,0.0,-0.0,-0.0,0.0
820,41.0,0.0,9.6275,-0.0,0.0,0.0,-0.0,0.0,0.0,0.0,1.23791,2070.75,22778.25,0.0,0.0,0.0,0.0,0.0,4505,256.0,1536.0,8192.0,1,0,0.0,-22778.25,0.0,0.0,0.0,0.0,0.0,0.0,0.0,0.0,0.0,0.0,0.0,0.0,0.0,0.0,0.0,0.0,0.0,0.0,0.0,-0.0,-0.0,0.0
825,41.25,0.0,9.6275,-0.0,0.0,0.0,-0.0,0.0,0.0,0.0,1.23791,2070.75,22778.25,0.0,0.0,0.0,0.0,0.0,4505,256.0,1536.0,8192.0,1,0,0.0,-22778.25,0.0,0.0,0.0,0.0,0.0,0.0,0.0,0.0,0.0,0.0,0.0,0.0,0.0,0.0,0.0,0.0,0.0,0.0,0.0,-0.0,-0.0,0.0
830,41.5,0.0,9.6275,-0.0,0.0,0.0,-0.0,0.0,0.0,0.0,1.23791,2070.75,22778.25,0.0,0.0,0.0,0.0,0.0,4505,256.0,1536.0,8192.0,1,0,0.0,-22778.25,0.0,0.0,0.0,0.0,0.0,0.0,0.0,0.0,0.0,0.0,0.0,0.0,0.0,0.0,0.0,0.0,0.0,0.0,0.0,-0.0,-0.0,0.0
835,41.75,0.0,9.6275,-0.0,0.0,0.0,-0.0,0.0,0.0,0.0,1.23791,2070.75,22778.25,0.0,0.0,0.0,0.0,0.0,4505,256.0,1536.0,8192.0,1,0,0.0,-22778.25,0.0,0.0,0.0,0.0,0.0,0.0,0.0,0.0,0.0,0.0,0.0,0.0,0.0,0.0,0.0,0.0,0.0,0.0,0.0,-0.0,-0.0,0.0
840,42.0,0.0,9.6275,-0.0,0.0,0.0,-0.0,0.0,0.0,0.0,1.23791,2070.75,22778.25,0.0,0.0,0.0,0.0,0.0,4505,256.0,1536.0,8192.0,1,0,0.0,-22778.25,0.0,0.0,0.0,0.0,0.0,0.0,0.0,0.0,0.0,0.0,0.0,0.0,0.0,0.0,0.0,0.0,0.0,0.0,0.0,-0.0,-0.0,0.0
845,42.25,0.0,9.6275,-0.0,0.0,0.0,-0.0,0.0,0.0,0.0,1.23791,2070.75,22778.25,0.0,0.0,0.0,0.0,0.0,4505,256.0,1536.0,8192.0,1,0,0.0,-22778.25,0.0,0.0,0.0,0.0,0.0,0.0,0.0,0.0,0.0,0.0,0.0,0.0,0.0,0.0,0.0,0.0,0.0,0.0,0.0,-0.0,-0.0,0.0
850,42.5,0.0,9.6275,-0.0,0.0,0.0,-0.0,0.0,0.0,0.0,1.23791,2070.75,22778.25,0.0,0.0,0.0,0.0,0.0,4505,256.0,1536.0,8192.0,1,0,0.0,-22778.25,0.0,0.0,0.0,0.0,0.0,0.0,0.0,0.0,0.0,0.0,0.0,0.0,0.0,0.0,0.0,0.0,0.0,0.0,0.0,-0.0,-0.0,0.0
855,42.75,0.0,9.6275,-0.0,0.0,0.0,-0.0,0.0,0.0,0.0,1.23791,2070.75,22778.25,0.0,0.0,0.0,0.0,0.0,4505,256.0,1536.0,8192.0,1,0,0.0,-22778.25,0.0,0.0,0.0,0.0,0.0,0.0,0.0,0.0,0.0,0.0,0.0,0.0,0.0,0.0,0.0,0.0,0.0,0.0,0.0,-0.0,-0.0,0.0
860,43.0,0.0,9.6275,-0.0,0.0,0.0,-0.0,0.0,0.0,0.0,1.23791,2070.75,22778.25,0.0,0.0,0.0,0.0,0.0,4505,256.0,1536.0,8192.0,1,0,0.0,-22778.25,0.0,0.0,0.0,0.0,0.0,0.0,0.0,0.0,0.0,0.0,0.0,0.0,0.0,0.0,0.0,0.0,0.0,0.0,0.0,-0.0,-0.0,0.0
865,43.25,0.0,9.6275,-0.0,0.0,0.0,-0.0,0.0,0.0,0.0,1.23791,2070.75,22778.25,0.0,0.0,0.0,0.0,0.0,4505,256.0,1536.0,8192.0,1,0,0.0,-22778.25,0.0,0.0,0.0,0.0,0.0,0.0,0.0,0.0,0.0,0.0,0.0,0.0,0.0,0.0,0.0,0.0,0.0,0.0,0.0,-0.0,-0.0,0.0
870,43.5,0.0,9.6275,-0.0,0.0,0.0,-0.0,0.0,0.0,0.0,1.23791,2070.75,22778.25,0.0,0.0,0.0,0.0,0.0,4505,256.0,1536.0,8192.0,1,0,0.0,-22778.25,0.0,0.0,0.0,0.0,0.0,0.0,0.0,0.0,0.0,0.0,0.0,0.0,0.0,0.0,0.0,0.0,0.0,0.0,0.0,-0.0,-0.0,0.0
875,43.75,0.0,9.6275,-0.0,0.0,0.0,-0.0,0.0,0.0,0.0,1.23791,2070.75,22778.25,0.0,0.0,0.0,0.0,0.0,4505,256.0,1536.0,8192.0,1,0,0.0,-22778.25,0.0,0.0,0.0,0.0,0.0,0.0,0.0,0.0,0.0,0.0,0.0,0.0,0.0,0.0,0.0,0.0,0.0,0.0,0.0,-0.0,-0.0,0.0
880,44.0,0.0,9.6275,-0.0,0.0,0.0,-0.0,0.0,0.0,0.0,1.23791,2070.75,22778.25,0.0,0.0,0.0,0.0,0.0,4505,256.0,1536.0,8192.0,1,0,0.0,-22778.25,0.0,0.0,0.0,0.0,0.0,0.0,0.0,0.0,0.0,0.0,0.0,0.0,0.0,0.0,0.0,0.0,0.0,0.0,0.0,-0.0,-0.0,0.0
885,44.25,0.0,9.6275,-0.0,0.0,0.0,-0.0,0.0,0.0,0.0,1.23791,2070.75,22778.25,0.0,0.0,0.0,0.0,0.0,4505,256.0,1536.0,8192.0,1,0,0.0,-22778.25,0.0,0.0,0.0,0.0,0.0,0.0,0.0,0.0,0.0,0.0,0.0,0.0,0.0,0.0,0.0,0.0,0.0,0.0,0.0,-0.0,-0.0,0.0
890,44.5,0.0,9.6275,-0.0,0.0,0.0,-0.0,0.0,0.0,0.0,1.23791,2070.75,22778.25,0.0,0.0,0.0,0.0,0.0,4505,256.0,1536.0,8192.0,1,0,0.0,-22778.25,0.0,0.0,0.0,0.0,0.0,0.0,0.0,0.0,0.0,0.0,0.0,0.0,0.0,0.0,0.0,0.0,0.0,0.0,0.0,-0.0,-0.0,0.0
895,44.75,0.0,9.6275,-0.0,0.0,0.0,-0.0,0.0,0.0,0.0,1.23791,2070.75,22778.25,0.0,0.0,0.0,0.0,0.0,4505,256.0,1536.0,8192.0,1,0,0.0,-22778.25,0.0,0.0,0.0,0.0,0.0,0.0,0.0,0.0,0.0,0.0,0.0,0.0,0.0,0.0,0.0,0.0,0.0,0.0,0.0,-0.0,-0.0,0.0
900,45.0,0.0,9.6275,-0.0,0.0,0.0,-0.0,0.0,0.0,0.0,1.23791,2070.75,22778.25,0.0,0.0,0.0,0.0,0.0,4505,256.0,1536.0,8192.0,1,0,0.0,-22778.25,0.0,0.0,0.0,0.0,0.0,0.0,0.0,0.0,0.0,0.0,0.0,0.0,0.0,0.0,0.0,0.0,0.0,0.0,0.0,-0.0,-0.0,0.0
905,45.25,0.0,9.6275,-0.0,0.0,0.0,-0.0,0.0,0.0,0.0,1.23791,2070.75,22778.25,0.0,0.0,0.0,0.0,0.0,4505,256.0,1536.0,8192.0,1,0,0.0,-22778.25,0.0,0.0,0.0,0.0,0.0,0.0,0.0,0.0,0.0,0.0,0.0,0.0,0.0,0.0,0.0,0.0,0.0,0.0,0.0,-0.0,-0.0,0.0
910,45.5,0.0,9.6275,-0.0,0.0,0.0,-0.0,0.0,0.0,0.0,1.23791,2070.75,22778.25,0.0,0.0,0.0,0.0,0.0,4505,256.0,1536.0,8192.0,1,0,0.0,-22778.25,0.0,0.0,0.0,0.0,0.0,0.0,0.0,0.0,0.0,0.0,0.0,0.0,0.0,0.0,0.0,0.0,0.0,0.0,0.0,-0.0,-0.0,0.0
915,45.75,0.0,9.6275,-0.0,0.0,0.0,-0.0,0.0,0.0,0.0,1.23791,2070.75,22778.25,0.0,0.0,0.0,0.0,0.0,4505,256.0,1536.0,8192.0,1,0,0.0,-22778.25,0.0,0.0,0.0,0.0,0.0,0.0,0.0,0.0,0.0,0.0,0.0,0.0,0.0,0.0,0.0,0.0,0.0,0.0,0.0,-0.0,-0.0,0.0
920,46.0,0.0,9.6275,-0.0,0.0,0.0,-0.0,0.0,0.0,0.0,1.23791,2070.75,22778.25,0.0,0.0,0.0,0.0,0.0,4505,256.0,1536.0,8192.0,1,0,0.0,-22778.25,0.0,0.0,0.0,0.0,0.0,0.0,0.0,0.0,0.0,0.0,0.0,0.0,0.0,0.0,0.0,0.0,0.0,0.0,0.0,-0.0,-0.0,0.0
925,46.25,0.0,9.6275,-0.0,0.0,0.0,-0.0,0.0,0.0,0.0,1.23791,2070.75,22778.25,0.0,0.0,0.0,0.0,0.0,4505,256.0,1536.0,8192.0,1,0,0.0,-22778.25,0.0,0.0,0.0,0.0,0.0,0.0,0.0,0.0,0.0,0.0,0.0,0.0,0.0,0.0,0.0,0.0,0.0,0.0,0.0,-0.0,-0.0,0.0
930,46.5,0.0,9.6275,-0.0,0.0,0.0,-0.0,0.0,0.0,0.0,1.23791,2070.75,22778.25,0.0,0.0,0.0,0.0,0.0,4505,256.0,1536.0,8192.0,1,0,0.0,-22778.25,0.0,0.0,0.0,0.0,0.0,0.0,0.0,0.0,0.0,0.0,0.0,0.0,0.0,0.0,0.0,0.0,0.0,0.0,0.0,-0.0,-0.0,0.0
935,46.75,0.0,9.6275,-0.0,0.0,0.0,-0.0,0.0,0.0,0.0,1.23791,2070.75,22778.25,0.0,0.0,0.0,0.0,0.0,4505,256.0,1536.0,8192.0,1,0,0.0,-22778.25,0.0,0.0,0.0,0.0,0.0,0.0,0.0,0.0,0.0,0.0,0.0,0.0,0.0,0.0,0.0,0.0,0.0,0.0,0.0,-0.0,-0.0,0.0
940,47.0,0.0,9.6275,-0.0,0.0,0.0,-0.0,0.0,0.0,0.0,1.23791,2070.75,22778.25,0.0,0.0,0.0,0.0,0.0,4505,256.0,1536.0,8192.0,1,0,0.0,-22778.25,0.0,0.0,0.0,0.0,0.0,0.0,0.0,0.0,0.0,0.0,0.0,0.0,0.0,0.0,0.0,0.0,0.0,0.0,0.0,-0.0,-0.0,0.0
945,47.25,0.0,9.6275,-0.0,0.0,0.0,-0.0,0.0,0.0,0.0,1.23791,2070.75,22778.25,0.0,0.0,0.0,0.0,0.0,4505,256.0,1536.0,8192.0,1,0,0.0,-22778.25,0.0,0.0,0.0,0.0,0.0,0.0,0.0,0.0,0.0,0.0,0.0,0.0,0.0,0.0,0.0,0.0,0.0,0.0,0.0,-0.0,-0.0,0.0
950,47.5,0.0,9.6275,-0.0,0.0,0.0,-0.0,0.0,0.0,0.0,1.23791,2070.75,22778.25,0.0,0.0,0.0,0.0,0.0,4505,256.0,1536.0,8192.0,1,0,0.0,-22778.25,0.0,0.0,0.0,0.0,0.0,0.0,0.0,0.0,0.0,0.0,0.0,0.0,0.0,0.0,0.0,0.0,0.0,0.0,0.0,-0.0,-0.0,0.0
955,47.75,0.0,9.6275,-0.0,0.0,0.0,-0.0,0.0,0.0,0.0,1.23791,2070.75,22778.25,0.0,0.0,0.0,0.0,0.0,4505,256.0,1536.0,8192.0,1,0,0.0,-22778.25,0.0,0.0,0.0,0.0,0.0,0.0,0.0,0.0,0.0,0.0,0.0,0.0,0.0,0.0,0.0,0.0,0.0,0.0,0.0,-0.0,-0.0,0.0
960,48.0,0.0,9.6275,-0.0,0.0,0.0,-0.0,0.0,0.0,0.0,1.23791,2070.75,22778.25,0.0,0.0,0.0,0.0,0.0,4505,256.0,1536.0,8192.0,1,0,0.0,-22778.25,0.0,0.0,0.0,0.0,0.0,0.0,0.0,0.0,0.0,0.0,0.0,0.0,0.0,0.0,0.0,0.0,0.0,0.0,0.0,-0.0,-0.0,0.0
965,48.25,0.0,9.6275,-0.0,0.0,0.0,-0.0,0.0,0.0,0.0,1.23791,2070.75,22778.25,0.0,0.0,0.0,0.0,0.0,4505,256.0,1536.0,8192.0,1,0,0.0,-22778.25,0.0,0.0,0.0,0.0,0.0,0.0,0.0,0.0,0.0,0.0,0.0,0.0,0.0,0.0,0.0,0.0,0.0,0.0,0.0,-0.0,-0.0,0.0
970,48.5,0.0,9.6275,-0.0,0.0,0.0,-0.0,0.0,0.0,0.0,1.23791,2070.75,22778.25,0.0,0.0,0.0,0.0,0.0,4505,256.0,1536.0,8192.0,1,0,0.0,-22778.25,0.0,0.0,0.0,0.0,0.0,0.0,0.0,0.0,0.0,0.0,0.0,0.0,0.0,0.0,0.0,0.0,0.0,0.0,0.0,-0.0,-0.0,0.0
975,48.75,0.0,9.6275,-0.0,0.0,0.0,-0.0,0.0,0.0,0.0,1.23791,2070.75,22778.25,0.0,0.0,0.0,0.0,0.0,4505,256.0,1536.0,8192.0,1,0,0.0,-22778.25,0.0,0.0,0.0,0.0,0.0,0.0,0.0,0.0,0.0,0.0,0.0,0.0,0.0,0.0,0.0,0.0,0.0,0.0,0.0,-0.0,-0.0,0.0
980,49.0,0.0,9.6275,-0.0,0.0,0.0,-0.0,0.0,0.0,0.0,1.23791,2070.75,22778.25,0.0,0.0,0.0,0.0,0.0,4505,256.0,1536.0,8192.0,1,0,0.0,-22778.25,0.0,0.0,0.0,0.0,0.0,0.0,0.0,0.0,0.0,0.0,0.0,0.0,0.0,0.0,0.0,0.0,0.0,0.0,0.0,-0.0,-0.0,0.0
985,49.25,0.0,9.6275,-0.0,0.0,0.0,-0.0,0.0,0.0,0.0,1.23791,2070.75,22778.25,0.0,0.0,0.0,0.0,0.0,4505,256.0,1536.0,8192.0,1,0,0.0,-22778.25,0.0,0.0,0.0,0.0,0.0,0.0,0.0,0.0,0.0,0.0,0.0,0.0,0.0,0.0,0.0,0.0,0.0,0.0,0.0,-0.0,-0.0,0.0
990,49.5,0.0,9.6275,-0.0,0.0,0.0,-0.0,0.0,0.0,0.0,1.23791,2070.75,22778.25,0.0,0.0,0.0,0.0,0.0,4505,256.0,1536.0,8192.0,1,0,0.0,-22778.25,0.0,0.0,0.0,0.0,0.0,0.0,0.0,0.0,0.0,0.0,0.0,0.0,0.0,0.0,0.0,0.0,0.0,0.0,0.0,-0.0,-0.0,0.0
995,49.75,0.0,9.6275,-0.0,0.0,0.0,-0.0,0.0,0.0,0.0,1.23791,2070.75,22778.25,0.0,0.0,0.0,0.0,0.0,4505,256.0,1536.0,8192.0,1,0,0.0,-22778.25,0.0,0.0,0.0,0.0,0.0,0.0,0.0,0.0,0.0,0.0,0.0,0.0,0.0,0.0,0.0,0.0,0.0,0.0,0.0,-0.0,-0.0,0.0
1000,50.0,0.0,9.6275,-0.0,0.0,0.0,-0.0,0.0,0.0,0.0,1.23791,2070.75,22778.25,0.0,0.0,0.0,0.0,0.0,4505,256.0,1536.0,8192.0,1,0,0.0,-22778.25,0.0,0.0,0.0,0.0,0.0,0.0,0.0,0.0,0.0,0.0,0.0,0.0,0.0,0.0,0.0,0.0,0.0,0.0,0.0,-0.0,-0.0,0.0
1005,50.25,0.0,9.6275,-0.0,0.0,0.0,-0.0,0.0,0.0,0.0,1.23791,2070.75,22778.25,0.0,0.0,0.0,0.0,0.0,4505,256.0,1536.0,8192.0,1,0,0.0,-22778.25,0.0,0.0,0.0,0.0,0.0,0.0,0.0,0.0,0.0,0.0,0.0,0.0,0.0,0.0,0.0,0.0,0.0,0.0,0.0,-0.0,-0.0,0.0
1010,50.5,0.0,9.6275,-0.0,0.0,0.0,-0.0,0.0,0.0,0.0,1.23791,2070.75,22778.25,0.0,0.0,0.0,0.0,0.0,4505,256.0,1536.0,8192.0,1,0,0.0,-22778.25,0.0,0.0,0.0,0.0,0.0,0.0,0.0,0.0,0.0,0.0,0.0,0.0,0.0,0.0,0.0,0.0,0.0,0.0,0.0,-0.0,-0.0,0.0
1015,50.75,0.0,9.6275,-0.0,0.0,0.0,-0.0,0.0,0.0,0.0,1.23791,2070.75,22778.25,0.0,0.0,0.0,0.0,0.0,4505,256.0,1536.0,8192.0,1,0,0.0,-22778.25,0.0,0.0,0.0,0.0,0.0,0.0,0.0,0.0,0.0,0.0,0.0,0.0,0.0,0.0,0.0,0.0,0.0,0.0,0.0,-0.0,-0.0,0.0
1020,51.0,0.0,9.6275,-0.0,0.0,0.0,-0.0,0.0,0.0,0.0,1.23791,2070.75,22778.25,0.0,0.0,0.0,0.0,0.0,4505,256.0,1536.0,8192.0,1,0,0.0,-22778.25,0.0,0.0,0.0,0.0,0.0,0.0,0.0,0.0,0.0,0.0,0.0,0.0,0.0,0.0,0.0,0.0,0.0,0.0,0.0,-0.0,-0.0,0.0
1025,51.25,0.0,9.6275,-0.0,0.0,0.0,-0.0,0.0,0.0,0.0,1.23791,2070.75,22778.25,0.0,0.0,0.0,0.0,0.0,4505,256.0,1536.0,8192.0,1,0,0.0,-22778.25,0.0,0.0,0.0,0.0,0.0,0.0,0.0,0.0,0.0,0.0,0.0,0.0,0.0,0.0,0.0,0.0,0.0,0.0,0.0,-0.0,-0.0,0.0
1030,51.5,0.0,9.6275,-0.0,0.0,0.0,-0.0,0.0,0.0,0.0,1.23791,2070.75,22778.25,0.0,0.0,0.0,0.0,0.0,4505,256.0,1536.0,8192.0,1,0,0.0,-22778.25,0.0,0.0,0.0,0.0,0.0,0.0,0.0,0.0,0.0,0.0,0.0,0.0,0.0,0.0,0.0,0.0,0.0,0.0,0.0,-0.0,-0.0,0.0
1035,51.75,0.0,9.6275,-0.0,0.0,0.0,-0.0,0.0,0.0,0.0,1.23791,2070.75,22778.25,0.0,0.0,0.0,0.0,0.0,4505,256.0,1536.0,8192.0,1,0,0.0,-22778.25,0.0,0.0,0.0,0.0,0.0,0.0,0.0,0.0,0.0,0.0,0.0,0.0,0.0,0.0,0.0,0.0,0.0,0.0,0.0,-0.0,-0.0,0.0
1040,52.0,0.0,9.6275,-0.0,0.0,0.0,-0.0,0.0,0.0,0.0,1.23791,2070.75,22778.25,0.0,0.0,0.0,0.0,0.0,4505,256.0,1536.0,8192.0,1,0,0.0,-22778.25,0.0,0.0,0.0,0.0,0.0,0.0,0.0,0.0,0.0,0.0,0.0,0.0,0.0,0.0,0.0,0.0,0.0,0.0,0.0,-0.0,-0.0,0.0
1045,52.25,0.0,9.6275,-0.0,0.0,0.0,-0.0,0.0,0.0,0.0,1.23791,2070.75,22778.25,0.0,0.0,0.0,0.0,0.0,4505,256.0,1536.0,8192.0,1,0,0.0,-22778.25,0.0,0.0,0.0,0.0,0.0,0.0,0.0,0.0,0.0,0.0,0.0,0.0,0.0,0.0,0.0,0.0,0.0,0.0,0.0,-0.0,-0.0,0.0
1050,52.5,0.0,9.6275,-0.0,0.0,0.0,-0.0,0.0,0.0,0.0,1.23791,2070.75,22778.25,0.0,0.0,0.0,0.0,0.0,4505,256.0,1536.0,8192.0,1,0,0.0,-22778.25,0.0,0.0,0.0,0.0,0.0,0.0,0.0,0.0,0.0,0.0,0.0,0.0,0.0,0.0,0.0,0.0,0.0,0.0,0.0,-0.0,-0.0,0.0
1055,52.75,0.0,9.6275,-0.0,0.0,0.0,-0.0,0.0,0.0,0.0,1.23791,2070.75,22778.25,0.0,0.0,0.0,0.0,0.0,4505,256.0,1536.0,8192.0,1,0,0.0,-22778.25,0.0,0.0,0.0,0.0,0.0,0.0,0.0,0.0,0.0,0.0,0.0,0.0,0.0,0.0,0.0,0.0,0.0,0.0,0.0,-0.0,-0.0,0.0
1060,53.0,0.0,9.6275,-0.0,0.0,0.0,-0.0,0.0,0.0,0.0,1.23791,2070.75,22778.25,0.0,0.0,0.0,0.0,0.0,4505,256.0,1536.0,8192.0,1,0,0.0,-22778.25,0.0,0.0,0.0,0.0,0.0,0.0,0.0,0.0,0.0,0.0,0.0,0.0,0.0,0.0,0.0,0.0,0.0,0.0,0.0,-0.0,-0.0,0.0
1065,53.25,0.0,9.6275,-0.0,0.0,0.0,-0.0,0.0,0.0,0.0,1.23791,2070.75,22778.25,0.0,0.0,0.0,0.0,0.0,4505,256.0,1536.0,8192.0,1,0,0.0,-22778.25,0.0,0.0,0.0,0.0,0.0,0.0,0.0,0.0,0.0,0.0,0.0,0.0,0.0,0.0,0.0,0.0,0.0,0.0,0.0,-0.0,-0.0,0.0
1070,53.5,0.0,9.6275,-0.0,0.0,0.0,-0.0,0.0,0.0,0.0,1.23791,2070.75,22778.25,0.0,0.0,0.0,0.0,0.0,4505,256.0,1536.0,8192.0,1,0,0.0,-22778.25,0.0,0.0,0.0,0.0,0.0,0.0,0.0,0.0,0.0,0.0,0.0,0.0,0.0,0.0,0.0,0.0,0.0,0.0,0.0,-0.0,-0.0,0.0
1075,53.75,0.0,9.6275,-0.0,0.0,0.0,-0.0,0.0,0.0,0.0,1.23791,2070.75,22778.25,0.0,0.0,0.0,0.0,0.0,4505,256.0,1536.0,8192.0,1,0,0.0,-22778.25,0.0,0.0,0.0,0.0,0.0,0.0,0.0,0.0,0.0,0.0,0.0,0.0,0.0,0.0,0.0,0.0,0.0,0.0,0.0,-0.0,-0.0,0.0
1080,54.0,0.0,9.6275,-0.0,0.0,0.0,-0.0,0.0,0.0,0.0,1.23791,2070.75,22778.25,0.0,0.0,0.0,0.0,0.0,4505,256.0,1536.0,8192.0,1,0,0.0,-22778.25,0.0,0.0,0.0,0.0,0.0,0.0,0.0,0.0,0.0,0.0,0.0,0.0,0.0,0.0,0.0,0.0,0.0,0.0,0.0,-0.0,-0.0,0.0
1085,54.25,0.0,9.6275,-0.0,0.0,0.0,-0.0,0.0,0.0,0.0,1.23791,2070.75,22778.25,0.0,0.0,0.0,0.0,0.0,4505,256.0,1536.0,8192.0,1,0,0.0,-22778.25,0.0,0.0,0.0,0.0,0.0,0.0,0.0,0.0,0.0,0.0,0.0,0.0,0.0,0.0,0.0,0.0,0.0,0.0,0.0,-0.0,-0.0,0.0
1090,54.5,0.0,9.6275,-0.0,0.0,0.0,-0.0,0.0,0.0,0.0,1.23791,2070.75,22778.25,0.0,0.0,0.0,0.0,0.0,4505,256.0,1536.0,8192.0,1,0,0.0,-22778.25,0.0,0.0,0.0,0.0,0.0,0.0,0.0,0.0,0.0,0.0,0.0,0.0,0.0,0.0,0.0,0.0,0.0,0.0,0.0,-0.0,-0.0,0.0
1095,54.75,0.0,9.6275,-0.0,0.0,0.0,-0.0,0.0,0.0,0.0,1.23791,2070.75,22778.25,0.0,0.0,0.0,0.0,0.0,4505,256.0,1536.0,8192.0,1,0,0.0,-22778.25,0.0,0.0,0.0,0.0,0.0,0.0,0.0,0.0,0.0,0.0,0.0,0.0,0.0,0.0,0.0,0.0,0.0,0.0,0.0,-0.0,-0.0,0.0
1100,55.0,0.0,9.6275,-0.0,0.0,0.0,-0.0,0.0,0.0,0.0,1.23791,2070.75,22778.25,0.0,0.0,0.0,0.0,0.0,4505,256.0,1536.0,8192.0,1,0,0.0,-22778.25,0.0,0.0,0.0,0.0,0.0,0.0,0.0,0.0,0.0,0.0,0.0,0.0,0.0,0.0,0.0,0.0,0.0,0.0,0.0,-0.0,-0.0,0.0
1105,55.25,0.0,9.6275,-0.0,0.0,0.0,-0.0,0.0,0.0,0.0,1.23791,2070.75,22778.25,0.0,0.0,0.0,0.0,0.0,4505,256.0,1536.0,8192.0,1,0,0.0,-22778.25,0.0,0.0,0.0,0.0,0.0,0.0,0.0,0.0,0.0,0.0,0.0,0.0,0.0,0.0,0.0,0.0,0.0,0.0,0.0,-0.0,-0.0,0.0
1110,55.5,0.0,9.6275,-0.0,0.0,0.0,-0.0,0.0,0.0,0.0,1.23791,2070.75,22778.25,0.0,0.0,0.0,0.0,0.0,4505,256.0,1536.0,8192.0,1,0,0.0,-22778.25,0.0,0.0,0.0,0.0,0.0,0.0,0.0,0.0,0.0,0.0,0.0,0.0,0.0,0.0,0.0,0.0,0.0,0.0,0.0,-0.0,-0.0,0.0
1115,55.75,0.0,9.6275,-0.0,0.0,0.0,-0.0,0.0,0.0,0.0,1.23791,2070.75,22778.25,0.0,0.0,0.0,0.0,0.0,4505,256.0,1536.0,8192.0,1,0,0.0,-22778.25,0.0,0.0,0.0,0.0,0.0,0.0,0.0,0.0,0.0,0.0,0.0,0.0,0.0,0.0,0.0,0.0,0.0,0.0,0.0,-0.0,-0.0,0.0
1120,56.0,0.0,9.6275,-0.0,0.0,0.0,-0.0,0.0,0.0,0.0,1.23791,2070.75,22778.25,0.0,0.0,0.0,0.0,0.0,4505,256.0,1536.0,8192.0,1,0,0.0,-22778.25,0.0,0.0,0.0,0.0,0.0,0.0,0.0,0.0,0.0,0.0,0.0,0.0,0.0,0.0,0.0,0.0,0.0,0.0,0.0,-0.0,-0.0,0.0
1125,56.25,0.0,9.6275,-0.0,0.0,0.0,-0.0,0.0,0.0,0.0,1.23791,2070.75,22778.25,0.0,0.0,0.0,0.0,0.0,4505,256.0,1536.0,8192.0,1,0,0.0,-22778.25,0.0,0.0,0.0,0.0,0.0,0.0,0.0,0.0,0.0,0.0,0.0,0.0,0.0,0.0,0.0,0.0,0.0,0.0,0.0,-0.0,-0.0,0.0
1130,56.5,0.0,9.6275,-0.0,0.0,0.0,-0.0,0.0,0.0,0.0,1.23791,2070.75,22778.25,0.0,0.0,0.0,0.0,0.0,4505,256.0,1536.0,8192.0,1,0,0.0,-22778.25,0.0,0.0,0.0,0.0,0.0,0.0,0.0,0.0,0.0,0.0,0.0,0.0,0.0,0.0,0.0,0.0,0.0,0.0,0.0,-0.0,-0.0,0.0
1135,56.75,0.0,9.6275,-0.0,0.0,0.0,-0.0,0.0,0.0,0.0,1.23791,2070.75,22778.25,0.0,0.0,0.0,0.0,0.0,4505,256.0,1536.0,8192.0,1,0,0.0,-22778.25,0.0,0.0,0.0,0.0,0.0,0.0,0.0,0.0,0.0,0.0,0.0,0.0,0.0,0.0,0.0,0.0,0.0,0.0,0.0,-0.0,-0.0,0.0
1140,57.0,0.0,9.6275,-0.0,0.0,0.0,-0.0,0.0,0.0,0.0,1.23791,2070.75,22778.25,0.0,0.0,0.0,0.0,0.0,4505,256.0,1536.0,8192.0,1,0,0.0,-22778.25,0.0,0.0,0.0,0.0,0.0,0.0,0.0,0.0,0.0,0.0,0.0,0.0,0.0,0.0,0.0,0.0,0.0,0.0,0.0,-0.0,-0.0,0.0
1145,57.25,0.0,9.6275,-0.0,0.0,0.0,-0.0,0.0,0.0,0.0,1.23791,2070.75,22778.25,0.0,0.0,0.0,0.0,0.0,4505,256.0,1536.0,8192.0,1,0,0.0,-22778.25,0.0,0.0,0.0,0.0,0.0,0.0,0.0,0.0,0.0,0.0,0.0,0.0,0.0,0.0,0.0,0.0,0.0,0.0,0.0,-0.0,-0.0,0.0
1150,57.5,0.0,9.6275,-0.0,0.0,0.0,-0.0,0.0,0.0,0.0,1.23791,2070.75,22778.25,0.0,0.0,0.0,0.0,0.0,4505,256.0,1536.0,8192.0,1,0,0.0,-22778.25,0.0,0.0,0.0,0.0,0.0,0.0,0.0,0.0,0.0,0.0,0.0,0.0,0.0,0.0,0.0,0.0,0.0,0.0,0.0,-0.0,-0.0,0.0
1155,57.75,0.0,9.6275,-0.0,0.0,0.0,-0.0,0.0,0.0,0.0,1.23791,2070.75,22778.25,0.0,0.0,0.0,0.0,0.0,4505,256.0,1536.0,8192.0,1,0,0.0,-22778.25,0.0,0.0,0.0,0.0,0.0,0.0,0.0,0.0,0.0,0.0,0.0,0.0,0.0,0.0,0.0,0.0,0.0,0.0,0.0,-0.0,-0.0,0.0
1160,58.0,0.0,9.6275,-0.0,0.0,0.0,-0.0,0.0,0.0,0.0,1.23791,2070.75,22778.25,0.0,0.0,0.0,0.0,0.0,4505,256.0,1536.0,8192.0,1,0,0.0,-22778.25,0.0,0.0,0.0,0.0,0.0,0.0,0.0,0.0,0.0,0.0,0.0,0.0,0.0,0.0,0.0,0.0,0.0,0.0,0.0,-0.0,-0.0,0.0
1165,58.25,0.0,9.6275,-0.0,0.0,0.0,-0.0,0.0,0.0,0.0,1.23791,2070.75,22778.25,0.0,0.0,0.0,0.0,0.0,4505,256.0,1536.0,8192.0,1,0,0.0,-22778.25,0.0,0.0,0.0,0.0,0.0,0.0,0.0,0.0,0.0,0.0,0.0,0.0,0.0,0.0,0.0,0.0,0.0,0.0,0.0,-0.0,-0.0,0.0
1170,58.5,0.0,9.6275,-0.0,0.0,0.0,-0.0,0.0,0.0,0.0,1.23791,2070.75,22778.25,0.0,0.0,0.0,0.0,0.0,4505,256.0,1536.0,8192.0,1,0,0.0,-22778.25,0.0,0.0,0.0,0.0,0.0,0.0,0.0,0.0,0.0,0.0,0.0,0.0,0.0,0.0,0.0,0.0,0.0,0.0,0.0,-0.0,-0.0,0.0
1175,58.75,0.0,9.6275,-0.0,0.0,0.0,-0.0,0.0,0.0,0.0,1.23791,2070.75,22778.25,0.0,0.0,0.0,0.0,0.0,4505,256.0,1536.0,8192.0,1,0,0.0,-22778.25,0.0,0.0,0.0,0.0,0.0,0.0,0.0,0.0,0.0,0.0,0.0,0.0,0.0,0.0,0.0,0.0,0.0,0.0,0.0,-0.0,-0.0,0.0
1180,59.0,0.0,9.6275,-0.0,0.0,0.0,-0.0,0.0,0.0,0.0,1.23791,2070.75,22778.25,0.0,0.0,0.0,0.0,0.0,4505,256.0,1536.0,8192.0,1,0,0.0,-22778.25,0.0,0.0,0.0,0.0,0.0,0.0,0.0,0.0,0.0,0.0,0.0,0.0,0.0,0.0,0.0,0.0,0.0,0.0,0.0,-0.0,-0.0,0.0
1185,59.25,0.0,9.6275,-0.0,0.0,0.0,-0.0,0.0,0.0,0.0,1.23791,2070.75,22778.25,0.0,0.0,0.0,0.0,0.0,4505,256.0,1536.0,8192.0,1,0,0.0,-22778.25,0.0,0.0,0.0,0.0,0.0,0.0,0.0,0.0,0.0,0.0,0.0,0.0,0.0,0.0,0.0,0.0,0.0,0.0,0.0,-0.0,-0.0,0.0
1190,59.5,0.0,9.6275,-0.0,0.0,0.0,-0.0,0.0,0.0,0.0,1.23791,2070.75,22778.25,0.0,0.0,0.0,0.0,0.0,4505,256.0,1536.0,8192.0,1,0,0.0,-22778.25,0.0,0.0,0.0,0.0,0.0,0.0,0.0,0.0,0.0,0.0,0.0,0.0,0.0,0.0,0.0,0.0,0.0,0.0,0.0,-0.0,-0.0,0.0
1195,59.75,0.0,9.6275,-0.0,0.0,0.0,-0.0,0.0,0.0,0.0,1.23791,2070.75,22778.25,0.0,0.0,0.0,0.0,0.0,4505,256.0,1536.0,8192.0,1,0,0.0,-22778.25,0.0,0.0,0.0,0.0,0.0,0.0,0.0,0.0,0.0,0.0,0.0,0.0,0.0,0.0,0.0,0.0,0.0,0.0,0.0,-0.0,-0.0,0.0
1200,60.0,0.0,9.6275,-0.0,0.0,0.0,-0.0,0.0,0.0,0.0,1.23791,2070.75,22778.25,0.0,0.0,0.0,0.0,0.0,4505,256.0,1536.0,8192.0,1,0,0.0,-22778.25,0.0,0.0,0.0,0.0,0.0,0.0,0.0,0.0,0.0,0.0,0.0,0.0,0.0,0.0,0.0,0.0,0.0,0.0,0.0,-0.0,-0.0,0.0
