tick,temps_s,x,y,z,vx,vy,vz,vitesse,vitesse_horizontale,vitesse_verticale,pression,masse,poids,portance,poussee,trainee,resultante_y,gaz_total,gaz_capacite,regime_max,stress_su,capacite_su,au_sol,surcharge,f_gravite_x,f_gravite_y,f_gravite_z,f_ballon_x,f_ballon_y,f_ballon_z,f_ballon_x,f_ballon_y,f_ballon_z,f_ballon_x,f_ballon_y,f_ballon_z,f_helice@62.4.2_x,f_helice@62.4.2_y,f_helice@62.4.2_z,f_helice@62.4.22_x,f_helice@62.4.22_y,f_helice@62.4.22_z,f_helice@66.4.12_x,f_helice@66.4.12_y,f_helice@66.4.12_z,f_trainee_x,f_trainee_y,f_trainee_z
0,0.0,0.0,63.0,0.0,0.0,0.0,0.0,0.0,0.0,0.0,1.0,2116.25,23278.75,7150.0,0.0,0.0,-16128.75,433.33,4505,256.0,0.0,8192.0,0,0,0.0,-23278.75,0.0,0.0,4840.0,0.0,0.0,4840.0,0.0,0.0,4840.0,0.0,-0.0,-0.0,-0.0,-0.0,-0.0,-0.0,-0.0,-0.0,-0.0,-0.0,-0.0,-0.0
5,0.25,-0.0,62.7256,0.0,-0.0,-1.80251,0.0,1.80251,0.0,-1.80251,1.0011,2116.25,23278.75,7155.27,0.0,1379.37,-14744.103,433.33,4505,256.0,0.0,8192.0,0,0,0.0,-23278.75,0.0,0.0,4843.569,0.0,0.0,4843.569,0.0,0.0,4843.569,0.0,-0.0,-0.0,0.0,-0.0,-0.0,0.0,-0.0,-0.0,0.0,-0.0,1379.374,-0.0
10,0.5,-0.0,62.0298,-0.0,-0.0,-3.41262,-0.0,3.41262,0.0,-3.41262,1.00389,2116.25,23278.75,7172.9,0.0,2943.38,-13162.463,433.33,4505,256.0,0.0,8192.0,0,0,0.0,-23278.75,0.0,0.0,4855.505,0.0,0.0,4855.505,0.0,0.0,4855.505,0.0,-0.0,-0.0,0.0,-0.0,-0.0,0.0,-0.0,-0.0,0.0,0.0,2943.383,0.0
15,0.75,-0.0,60.9579,-0.0,0.0,-4.84835,-0.0,4.84835,0.0,-4.84835,1.0082,2116.25,23278.75,7201.65,0.0,4350.02,-11727.073,433.33,4505,256.0,0.0,8192.0,0,0,0.0,-23278.75,0.0,0.0,4874.965,0.0,0.0,4874.965,0.0,0.0,4874.965,0.0,-0.0,-0.0,0.0,-0.0,-0.0,0.0,-0.0,-0.0,0.0,0.0,4350.024,0.0
20,1.0,-0.0,59.5513,-0.0,-0.0,-6.12552,0.0,6.12552,0.0,-6.12552,1.01389,2116.25,23278.75,7240.43,0.0,5617.69,-10420.628,433.33,4505,256.0,0.0,8192.0,0,0,0.0,-23278.75,0.0,0.0,4901.216,0.0,0.0,4901.216,0.0,0.0,4901.216,0.0,-0.0,-0.0,0.0,-0.0,-0.0,0.0,-0.0,-0.0,0.0,0.0,5617.689,0.0
25,1.25,-0.0,57.8472,-0.0,-0.0,-7.25818,-0.0,7.25818,0.0,-7.25818,1.02082,2116.25,23278.75,7288.29,0.0,6761.63,-9228.823,433.33,4505,256.0,0.0,8192.0,0,0,0.0,-23278.75,0.0,0.0,4933.613,0.0,0.0,4933.613,0.0,0.0,4933.613,0.0,-0.0,-0.0,0.0,-0.0,-0.0,0.0,-0.0,-0.0,0.0,0.0,6761.635,0.0
30,1.5,-0.0,55.88,-0.0,-0.0,-8.25887,-0.0,8.25887,0.0,-8.25887,1.02888,2116.25,23278.75,7344.38,0.0,7794.63,-8139.741,433.33,4505,256.0,0.0,8192.0,0,0,0.0,-23278.75,0.0,0.0,4971.581,0.0,0.0,4971.581,0.0,0.0,4971.581,0.0,-0.0,-0.0,0.0,-0.0,-0.0,0.0,-0.0,-0.0,0.0,0.0,7794.628,0.0
35,1.75,-0.0,53.681,-0.0,-0.0,-9.13887,0.0,9.13887,0.0,-9.13887,1.03797,2116.25,23278.75,7407.94,0.0,8727.45,-7143.364,433.33,4505,256.0,0.0,8192.0,0,0,0.0,-23278.75,0.0,0.0,5014.605,0.0,0.0,5014.605,0.0,0.0,5014.605,0.0,-0.0,-0.0,0.0,-0.0,-0.0,0.0,-0.0,-0.0,0.0,0.0,8727.447,0.0
40,2.0,-0.0,51.2788,0.0,-0.0,-9.90841,0.0,9.90841,0.0,-9.90841,1.04799,2116.25,23278.75,7478.28,0.0,9569.27,-6231.198,433.33,4505,256.0,0.0,8192.0,0,0,0.0,-23278.75,0.0,0.0,5062.222,0.0,0.0,5062.222,0.0,0.0,5062.222,0.0,-0.0,-0.0,0.0,-0.0,-0.0,0.0,-0.0,-0.0,0.0,0.0,9569.269,-0.0
45,2.25,-0.0,48.6995,0.0,-0.0,-10.57682,0.0,10.57682,0.0,-10.57682,1.05885,2116.25,23278.75,7554.79,0.0,10327.99,-5395.974,433.33,4505,256.0,0.0,8192.0,0,0,0.0,-23278.75,0.0,0.0,5114.011,0.0,0.0,5114.011,0.0,0.0,5114.011,0.0,-0.0,-0.0,0.0,-0.0,-0.0,0.0,-0.0,-0.0,0.0,0.0,10327.987,-0.0
50,2.5,-0.0,45.9671,0.0,-0.0,-11.15264,0.0,11.15264,0.0,-11.15264,1.07048,2116.25,23278.75,7636.89,0.0,11010.46,-4631.408,433.33,4505,256.0,0.0,8192.0,0,0,0.0,-23278.75,0.0,0.0,5169.585,0.0,0.0,5169.585,0.0,0.0,5169.585,0.0,-0.0,-0.0,0.0,-0.0,-0.0,0.0,-0.0,-0.0,0.0,0.0,11010.456,-0.0
55,2.75,-0.0,43.1037,0.0,-0.0,-11.64376,0.0,11.64376,0.0,-11.64376,1.0828,2116.25,23278.75,7724.05,0.0,11622.69,-3932.01,433.33,4505,256.0,0.0,8192.0,0,0,0.0,-23278.75,0.0,0.0,5228.59,0.0,0.0,5228.59,0.0,0.0,5228.59,0.0,-0.0,-0.0,0.0,-0.0,-0.0,0.0,-0.0,-0.0,0.0,0.0,11622.687,-0.0
60,3.0,-0.0,40.1292,0.0,-0.0,-12.05746,0.0,12.05746,0.0,-12.05746,1.09576,2116.25,23278.75,7815.8,0.0,12170.01,-3292.936,433.33,4505,256.0,0.0,8192.0,0,0,0.0,-23278.75,0.0,0.0,5290.698,0.0,0.0,5290.698,0.0,0.0,5290.698,0.0,-0.0,-0.0,0.0,-0.0,-0.0,0.0,-0.0,-0.0,0.0,0.0,12170.01,-0.0
65,3.25,-0.0,37.062,0.0,-0.0,-12.40047,0.0,12.40047,0.0,-12.40047,1.10928,2116.25,23278.75,7911.69,0.0,12657.2,-2709.863,433.33,4505,256.0,0.0,8192.0,0,0,0.0,-23278.75,0.0,0.0,5355.604,0.0,0.0,5355.604,0.0,0.0,5355.604,0.0,-0.0,-0.0,0.0,-0.0,-0.0,0.0,-0.0,-0.0,0.0,0.0,12657.199,-0.0
70,3.5,-0.0,33.9189,0.0,-0.0,-12.67907,-0.0,12.67907,0.0,-12.67907,1.1233,2116.25,23278.75,8011.29,0.0,13088.57,-2178.889,433.33,4505,256.0,0.0,8192.0,0,0,0.0,-23278.75,0.0,0.0,5423.026,0.0,0.0,5423.026,0.0,0.0,5423.026,0.0,-0.0,-0.0,0.0,-0.0,-0.0,0.0,-0.0,-0.0,0.0,0.0,13088.573,-0.0
75,3.75,-0.0,30.715,0.0,0.0,-12.89911,0.0,12.89911,0.0,-12.89911,1.13779,2116.25,23278.75,8114.21,0.0,13468.08,-1696.458,433.33,4505,256.0,0.0,8192.0,0,0,0.0,-23278.75,0.0,0.0,5492.698,0.0,0.0,5492.698,0.0,0.0,5492.698,0.0,-0.0,-0.0,0.0,-0.0,-0.0,0.0,-0.0,-0.0,0.0,-0.0,13468.079,-0.0
80,4.0,-0.0,27.4642,0.0,-0.0,-13.06604,-0.0,13.06604,0.0,-13.06604,1.15267,2116.25,23278.75,8220.1,0.0,13799.36,-1259.297,433.33,4505,256.0,0.0,8192.0,0,0,0.0,-23278.75,0.0,0.0,5564.373,0.0,0.0,5564.373,0.0,0.0,5564.373,0.0,-0.0,-0.0,0.0,-0.0,-0.0,0.0,-0.0,-0.0,0.0,0.0,13799.356,0.0
85,4.25,-0.0,24.1789,0.0,-0.0,-13.18492,-0.0,13.18492,0.0,-13.18492,1.16791,2116.25,23278.75,8328.6,0.0,14085.79,-864.364,433.33,4505,256.0,0.0,8192.0,0,0,0.0,-23278.75,0.0,0.0,5637.819,0.0,0.0,5637.819,0.0,0.0,5637.819,0.0,-0.0,-0.0,0.0,-0.0,-0.0,0.0,-0.0,-0.0,0.0,0.0,14085.79,0.0
90,4.5,-0.0,20.8705,-0.0,-0.0,-13.2605,-0.0,13.2605,0.0,-13.2605,1.18347,2116.25,23278.75,8439.39,0.0,14330.55,-508.811,433.33,4505,256.0,0.0,8192.0,0,0,0.0,-23278.75,0.0,0.0,5712.819,0.0,0.0,5712.819,0.0,0.0,5712.819,0.0,-0.0,-0.0,0.0,-0.0,-0.0,0.0,-0.0,-0.0,0.0,0.0,14330.548,0.0
95,4.75,-0.0,17.5492,-0.0,-0.0,-13.2972,0.0,13.2972,0.0,-13.2972,1.19929,2116.25,23278.75,8552.18,0.0,14536.61,-189.955,433.33,4505,256.0,0.0,8192.0,0,0,0.0,-23278.75,0.0,0.0,5789.168,0.0,0.0,5789.168,0.0,0.0,5789.168,0.0,-0.0,-0.0,0.0,-0.0,-0.0,0.0,-0.0,-0.0,0.0,0.0,14536.614,-0.0
100,5.0,-0.0,14.4243,0.0,-0.0,0.0,0.0,0.0,0.0,0.0,1.21438,2116.25,23278.75,8666.68,0.0,14706.81,94.744,433.33,4505,256.0,0.0,8192.0,1,0,0.0,-23278.75,0.0,0.0,5866.677,0.0,0.0,5866.677,0.0,0.0,5866.677,0.0,-0.0,-0.0,0.0,-0.0,-0.0,0.0,-0.0,-0.0,0.0,0.0,14706.812,-0.0
105,5.25,-0.0,14.4073,0.0,-0.0,-0.34038,0.0,0.34038,0.0,-0.34038,1.21446,2116.25,23278.75,8682.8,0.0,0.0,-14595.948,433.33,4505,256.0,0.0,8192.0,0,0,0.0,-23278.75,0.0,0.0,5877.589,0.0,0.0,5877.589,0.0,0.0,5877.589,0.0,-0.0,-0.0,0.0,-0.0,-0.0,0.0,-0.0,-0.0,0.0,0.0,-0.0,-0.0
110,5.5,-0.0,14.0819,0.0,-0.0,-1.91436,0.0,1.91436,0.0,-1.91436,1.21604,2116.25,23278.75,8691.37,0.0,1790.91,-12796.466,433.33,4505,256.0,0.0,8192.0,0,0,0.0,-23278.75,0.0,0.0,5883.391,0.0,0.0,5883.391,0.0,0.0,5883.391,0.0,-0.0,-0.0,0.0,-0.0,-0.0,0.0,-0.0,-0.0,0.0,0.0,1790.911,-0.0
115,5.75,-0.0,13.5307,0.0,-0.0,-2.20497,0.0,2.20497,0.0,-2.20497,1.21873,2116.25,23278.75,8710.05,0.0,2448.06,0.0,433.33,4505,256.0,0.0,8192.0,1,0,0.0,-23278.75,0.0,0.0,5896.035,0.0,0.0,5896.035,0.0,0.0,5896.035,0.0,-0.0,-0.0,0.0,-0.0,-0.0,0.0,-0.0,-0.0,0.0,0.0,2448.056,-0.0
120,6.0,-0.0,12.9654,0.0,-0.0,-2.48706,0.0,2.48706,0.0,-2.48706,1.22149,2116.25,23278.75,8729.28,0.0,2452.53,-12096.938,433.33,4505,256.0,0.0,8192.0,0,0,0.0,-23278.75,0.0,0.0,5909.05,0.0,0.0,5909.05,0.0,0.0,5909.05,0.0,-0.0,-0.0,0.0,-0.0,-0.0,0.0,-0.0,-0.0,0.0,0.0,2452.533,-0.0
125,6.25,-0.0,12.1571,0.0,-0.0,-3.54265,0.0,3.54265,0.0,-3.54265,1.22544,2116.25,23278.75,8755.7,0.0,3950.29,0.0,433.33,4505,256.0,0.0,8192.0,1,0,0.0,-23278.75,0.0,0.0,5926.935,0.0,0.0,5926.935,0.0,0.0,5926.935,0.0,-0.0,-0.0,0.0,-0.0,-0.0,0.0,-0.0,-0.0,0.0,0.0,3950.288,-0.0
130,6.5,-0.0,11.2714,0.0,-0.0,-3.54265,0.0,3.54265,0.0,-3.54265,1.22979,2116.25,23278.75,8786.78,0.0,3961.91,0.0,433.33,4505,256.0,0.0,8192.0,1,0,0.0,-23278.75,0.0,0.0,5947.971,0.0,0.0,5947.971,0.0,0.0,5947.971,0.0,-0.0,-0.0,0.0,-0.0,-0.0,0.0,-0.0,-0.0,0.0,0.0,3961.913,-0.0
135,6.75,-0.0,10.2193,0.0,-0.0,-4.48485,0.0,4.48485,0.0,-4.48485,1.23498,2116.25,23278.75,8822.17,0.0,5032.38,0.0,433.33,4505,256.0,0.0,8192.0,1,0,0.0,-23278.75,0.0,0.0,5971.934,0.0,0.0,5971.934,0.0,0.0,5971.934,0.0,-0.0,-0.0,0.0,-0.0,-0.0,0.0,-0.0,-0.0,0.0,0.0,5032.383,-0.0
140,7.0,-0.0,10.2619,0.0,-0.0,0.0,0.0,0.0,0.0,0.0,1.23477,2116.25,23278.75,8832.51,0.0,0.0,0.0,433.33,4505,256.0,0.0,8192.0,1,0,0.0,-23278.75,0.0,0.0,5978.932,0.0,0.0,5978.932,0.0,0.0,5978.932,0.0,-0.0,0.0,0.0,-0.0,0.0,0.0,-0.0,0.0,0.0,0.0,-0.0,-0.0
145,7.25,-0.0,10.3856,0.0,-0.0,-0.0,0.0,0.0,0.0,-0.0,1.23416,2116.25,23278.75,8824.22,0.0,0.0,0.0,433.33,4505,256.0,0.0,8192.0,1,0,0.0,-23278.75,0.0,0.0,5973.318,0.0,0.0,5973.318,0.0,0.0,5973.318,0.0,-0.0,0.0,0.0,-0.0,0.0,0.0,-0.0,0.0,0.0,0.0,0.0,-0.0
150,7.5,-0.0,10.2214,0.0,-0.0,-1.29595,0.0,1.29595,0.0,-1.29595,1.23497,2116.25,23278.75,8827.73,0.0,1105.59,-13345.43,433.33,4505,256.0,0.0,8192.0,0,0,0.0,-23278.75,0.0,0.0,5975.692,0.0,0.0,5975.692,0.0,0.0,5975.692,0.0,-0.0,0.0,0.0,-0.0,0.0,0.0,-0.0,0.0,0.0,0.0,1105.593,-0.0
155,7.75,-0.0,10.0854,0.0,-0.0,0.0,0.0,0.0,0.0,0.0,1.23564,2116.25,23278.75,8837.09,0.0,0.0,0.0,433.33,4505,256.0,0.0,8192.0,1,0,0.0,-23278.75,0.0,0.0,5982.027,0.0,0.0,5982.027,0.0,0.0,5982.027,0.0,-0.0,-0.0,0.0,-0.0,-0.0,0.0,-0.0,-0.0,0.0,0.0,-0.0,-0.0
160,8.0,-0.0,10.1429,0.0,-0.0,0.0,0.0,0.0,0.0,0.0,1.23536,2116.25,23278.75,8832.79,0.0,0.0,0.0,433.33,4505,256.0,0.0,8192.0,1,0,0.0,-23278.75,0.0,0.0,5979.118,0.0,0.0,5979.118,0.0,0.0,5979.118,0.0,-0.0,-0.0,0.0,-0.0,-0.0,0.0,-0.0,-0.0,0.0,0.0,-0.0,-0.0
165,8.25,-0.0,10.0437,0.0,-0.0,-0.98417,0.0,0.98417,0.0,-0.98417,1.23585,2116.25,23278.75,8834.56,0.0,746.84,-13697.353,433.33,4505,256.0,0.0,8192.0,0,0,0.0,-23278.75,0.0,0.0,5980.316,0.0,0.0,5980.316,0.0,0.0,5980.316,0.0,-0.0,0.0,0.0,-0.0,0.0,0.0,-0.0,0.0,0.0,0.0,746.839,-0.0
170,8.5,-0.0,9.9555,0.0,-0.0,0.0,0.0,0.0,0.0,0.0,1.23628,2116.25,23278.75,8839.41,0.0,0.0,0.0,433.33,4505,256.0,0.0,8192.0,1,0,0.0,-23278.75,0.0,0.0,5983.603,0.0,0.0,5983.603,0.0,0.0,5983.603,0.0,-0.0,0.0,0.0,-0.0,0.0,0.0,-0.0,0.0,0.0,0.0,-0.0,-0.0
175,8.75,-0.0,9.9555,0.0,-0.0,0.0,0.0,0.0,0.0,0.0,1.23628,2116.25,23278.75,8839.41,0.0,0.0,0.0,433.33,4505,256.0,0.0,8192.0,1,0,0.0,-23278.75,0.0,0.0,5983.603,0.0,0.0,5983.603,0.0,0.0,5983.603,0.0,-0.0,-0.0,0.0,-0.0,-0.0,0.0,-0.0,-0.0,0.0,0.0,-0.0,-0.0
180,9.0,-0.0,9.9387,0.0,-0.0,-0.33666,0.0,0.33666,0.0,-0.33666,1.23636,2116.25,23278.75,8839.41,0.0,0.0,-14439.336,433.33,4505,256.0,0.0,8192.0,0,0,0.0,-23278.75,0.0,0.0,5983.603,0.0,0.0,5983.603,0.0,0.0,5983.603,0.0,-0.0,-0.0,0.0,-0.0,-0.0,0.0,-0.0,-0.0,0.0,0.0,-0.0,-0.0
185,9.25,-0.0,9.8545,0.0,-0.0,-0.33666,0.0,0.33666,0.0,-0.33666,1.23678,2116.25,23278.75,8842.39,0.0,378.48,0.0,433.33,4505,256.0,0.0,8192.0,1,0,0.0,-23278.75,0.0,0.0,5985.618,0.0,0.0,5985.618,0.0,0.0,5985.618,0.0,-0.0,-0.0,0.0,-0.0,-0.0,0.0,-0.0,-0.0,0.0,0.0,378.484,-0.0
190,9.5,-0.0,9.9402,0.0,-0.0,0.0,0.0,0.0,0.0,0.0,1.23636,2116.25,23278.75,8840.04,0.0,0.0,0.0,433.33,4505,256.0,0.0,8192.0,1,0,0.0,-23278.75,0.0,0.0,5984.026,0.0,0.0,5984.026,0.0,0.0,5984.026,0.0,-0.0,-0.0,0.0,-0.0,-0.0,0.0,-0.0,-0.0,0.0,0.0,-0.0,-0.0
195,9.75,-0.0,9.9402,0.0,-0.0,-0.0,0.0,0.0,0.0,-0.0,1.23636,2116.25,23278.75,8839.96,0.0,0.0,0.0,433.33,4505,256.0,0.0,8192.0,1,0,0.0,-23278.75,0.0,0.0,5983.97,0.0,0.0,5983.97,0.0,0.0,5983.97,0.0,-0.0,-0.0,0.0,-0.0,-0.0,0.0,-0.0,-0.0,0.0,0.0,0.0,-0.0
200,10.0,-0.0041,9.9402,0.0004,-0.08285,-0.0,0.00747,0.08318,0.08318,-0.0,1.23636,2116.25,23278.75,8839.96,3567.61,0.0,0.0,433.33,4505,256.0,7680.0,8192.0,1,0,0.0,-23278.75,0.0,0.0,5983.97,0.0,0.0,5983.97,0.0,0.0,5983.97,0.0,-1003.895,2.249,90.497,-1003.752,2.249,90.484,-1545.543,3.462,139.324,0.0,0.0,-0.0
205,10.25,-0.0286,9.9754,0.0026,-0.0817,0.0,0.0073,0.08202,0.08202,0.0,1.23618,2116.25,23278.75,8839.17,3563.93,92.2,0.0,433.33,4505,256.0,7680.0,8192.0,1,0,0.0,-23278.75,0.0,0.0,5983.437,0.0,0.0,5983.437,0.0,0.0,5983.437,0.0,-1002.815,-8.147,89.546,-1003.001,-8.149,89.563,-1543.878,-12.543,137.861,91.839,-0.0,-8.204
210,10.5,-0.0488,9.9754,0.0044,-0.08037,0.0,0.00717,0.08069,0.08069,0.0,1.23618,2116.25,23278.75,8838.71,3506.06,91.02,0.0,433.33,4505,256.0,7680.0,8192.0,1,0,0.0,-23278.75,0.0,0.0,5983.127,0.0,0.0,5983.127,0.0,0.0,5983.127,0.0,-986.326,-4.293,87.974,-984.881,-4.286,87.845,-1520.961,-6.62,135.66,90.656,-0.0,-8.091
215,10.75,-0.0806,9.8829,0.0072,-0.08136,-0.0,0.00715,0.08167,0.08167,-0.0,1.23664,2116.25,23278.75,8841.98,3548.41,91.44,0.0,433.33,4505,256.0,7680.0,8192.0,1,0,0.0,-23278.75,0.0,0.0,5985.342,0.0,0.0,5985.342,0.0,0.0,5985.342,0.0,-1003.217,4.596,88.201,-993.251,4.55,87.325,-1538.273,7.047,135.243,91.082,-0.0,-8.043
220,11.0,-0.1011,9.9067,0.009,-0.08178,0.0,0.00703,0.08208,0.08208,0.0,1.23652,2116.25,23278.75,8841.98,3566.48,92.29,0.0,433.33,4505,256.0,7680.0,8192.0,1,0,0.0,-23278.75,0.0,0.0,5985.342,0.0,0.0,5985.342,0.0,0.0,5985.342,0.0,-1004.137,-3.765,86.308,-1003.689,-3.764,86.27,-1545.532,-5.795,132.842,91.953,0.0,-7.935
225,11.25,-0.1214,9.9645,0.0107,-0.08112,-0.0,0.00686,0.08141,0.08141,-0.0,1.23624,2116.25,23278.75,8839.09,3537.28,91.82,0.0,433.33,4505,256.0,7680.0,8192.0,1,0,0.0,-23278.75,0.0,0.0,5983.387,0.0,0.0,5983.387,0.0,0.0,5983.387,0.0,-998.61,-7.201,84.49,-992.075,-7.154,83.937,-1533.912,-11.062,129.781,91.489,0.0,-7.764
230,11.5,-0.1416,9.9645,0.0124,-0.08072,-0.0,0.00668,0.081,0.081,-0.0,1.23624,2116.25,23278.75,8839.09,3518.87,90.17,0.0,433.33,4505,256.0,7680.0,8192.0,1,0,0.0,-23278.75,0.0,0.0,5983.387,0.0,0.0,5983.387,0.0,0.0,5983.387,0.0,-996.366,2.492,82.436,-983.421,2.459,81.365,-1527.087,3.819,126.346,89.863,0.0,-7.481
235,11.75,-0.166,9.914,0.0144,-0.08181,-0.33672,0.00658,0.34658,0.08207,-0.33672,1.23649,2116.25,23278.75,8840.28,3565.48,389.27,0.0,433.33,4505,256.0,7680.0,8192.0,1,0,0.0,-23278.75,0.0,0.0,5984.193,0.0,0.0,5984.193,0.0,0.0,5984.193,0.0,-1003.99,-4.742,80.808,-1004.186,-4.743,80.823,-1545.778,-7.301,124.414,90.763,378.472,-7.325
240,12.0,-0.1863,9.9342,0.016,-0.08096,-0.0,0.00651,0.08122,0.08122,-0.0,1.23639,2116.25,23278.75,8840.17,3529.0,91.56,0.0,433.33,4505,256.0,7680.0,8192.0,1,0,0.0,-23278.75,0.0,0.0,5984.113,0.0,0.0,5984.113,0.0,0.0,5984.113,0.0,-992.362,-5.118,79.746,-994.023,-5.126,79.879,-1531.232,-7.897,123.049,91.265,0.0,-7.329
245,12.25,-0.2065,9.9342,0.0176,-0.08155,0.0,0.00657,0.08182,0.08182,0.0,1.23639,2116.25,23278.75,8840.17,3554.5,91.25,0.0,433.33,4505,256.0,7680.0,8192.0,1,0,0.0,-23278.75,0.0,0.0,5984.113,0.0,0.0,5984.113,0.0,0.0,5984.113,0.0,-1000.906,1.944,80.608,-1000.545,1.943,80.579,-1541.574,2.994,124.15,90.954,0.0,-7.327
250,12.5,-0.2309,9.8501,0.0196,-0.08156,-0.33661,0.00653,0.34641,0.08182,-0.33661,1.2368,2116.25,23278.75,8842.55,3554.98,389.48,0.0,433.33,4505,256.0,7680.0,8192.0,1,0,0.0,-23278.75,0.0,0.0,5985.724,0.0,0.0,5985.724,0.0,0.0,5985.724,0.0,-1002.867,-2.761,80.282,-999.028,-2.75,79.975,-1541.735,-4.244,123.42,91.813,378.429,-7.363
255,12.75,-0.2513,9.8714,0.0212,-0.08145,0.0,0.00643,0.08171,0.08171,0.0,1.2367,2116.25,23278.75,8842.4,3550.09,91.93,0.0,433.33,4505,256.0,7680.0,8192.0,1,0,0.0,-23278.75,0.0,0.0,5985.625,0.0,0.0,5985.625,0.0,0.0,5985.625,0.0,-1003.437,-3.381,79.16,-995.734,-3.355,78.552,-1539.907,-5.188,121.481,91.639,-0.0,-7.255
260,13.0,-0.2716,9.8714,0.0228,-0.08128,-0.0,0.00626,0.08152,0.08152,-0.0,1.2367,2116.25,23278.75,8842.39,3542.06,91.65,0.0,433.33,4505,256.0,7680.0,8192.0,1,0,0.0,-23278.75,0.0,0.0,5985.616,0.0,0.0,5985.616,0.0,0.0,5985.616,0.0,-1002.783,-1.818,77.278,-991.838,-1.798,76.435,-1536.966,-2.787,118.444,91.379,0.0,-7.08
265,13.25,-0.292,9.8714,0.0243,-0.08149,-0.0,0.00609,0.08172,0.08172,-0.0,1.2367,2116.25,23278.75,8842.39,3550.47,91.82,0.0,433.33,4505,256.0,7680.0,8192.0,1,0,0.0,-23278.75,0.0,0.0,5985.616,0.0,0.0,5985.616,0.0,0.0,5985.616,0.0,-1005.663,-0.839,75.153,-993.912,-0.829,74.274,-1541.024,-1.285,115.16,91.562,0.0,-6.886
270,13.5,-0.3124,9.8714,0.0258,-0.08161,-0.0,0.00591,0.08182,0.08182,-0.0,1.2367,2116.25,23278.75,8842.39,3555.02,91.98,0.0,433.33,4505,256.0,7680.0,8192.0,1,0,0.0,-23278.75,0.0,0.0,5985.616,0.0,0.0,5985.616,0.0,0.0,5985.616,0.0,-1005.611,-2.162,72.855,-996.607,-2.142,72.203,-1543.504,-3.318,111.825,91.74,0.0,-6.685
275,13.75,-0.3327,9.8714,0.0273,-0.08148,-0.0,0.00575,0.08168,0.08168,-0.0,1.2367,2116.25,23278.75,8842.39,3548.96,91.88,0.0,433.33,4505,256.0,7680.0,8192.0,1,0,0.0,-23278.75,0.0,0.0,5985.616,0.0,0.0,5985.616,0.0,0.0,5985.616,0.0,-1004.125,-2.746,70.929,-995.582,-2.723,70.326,-1540.418,-4.213,108.812,91.649,0.0,-6.503
280,14.0,-0.3531,9.8714,0.0287,-0.08139,-0.0,0.00563,0.08158,0.08158,-0.0,1.2367,2116.25,23278.75,8842.39,3544.74,91.71,0.0,433.33,4505,256.0,7680.0,8192.0,1,0,0.0,-23278.75,0.0,0.0,5985.616,0.0,0.0,5985.616,0.0,0.0,5985.616,0.0,-1002.36,-1.459,69.312,-995.0,-1.448,68.803,-1538.929,-2.239,106.415,91.486,0.0,-6.352
285,14.25,-0.3735,9.8714,0.0301,-0.0816,-0.0,0.00553,0.08179,0.08179,-0.0,1.2367,2116.25,23278.75,8842.39,3553.48,91.89,0.0,433.33,4505,256.0,7680.0,8192.0,1,0,0.0,-23278.75,0.0,0.0,5985.616,0.0,0.0,5985.616,0.0,0.0,5985.616,0.0,-1004.588,-1.108,68.143,-998.177,-1.1,67.708,-1542.566,-1.701,104.635,91.679,0.0,-6.241
290,14.5,-0.3939,9.8714,0.0315,-0.08164,-0.0,0.00545,0.08182,0.08182,-0.0,1.2367,2116.25,23278.75,8842.39,3554.96,92.02,0.0,433.33,4505,256.0,7680.0,8192.0,1,0,0.0,-23278.75,0.0,0.0,5985.616,0.0,0.0,5985.616,0.0,0.0,5985.616,0.0,-1004.463,-2.353,67.051,-999.36,-2.341,66.711,-1543.235,-3.615,103.016,91.812,0.0,-6.146
295,14.75,-0.4143,9.8714,0.0328,-0.08143,-0.0,0.00536,0.0816,0.0816,-0.0,1.2367,2116.25,23278.75,8842.39,3545.62,91.77,0.0,433.33,4505,256.0,7680.0,8192.0,1,0,0.0,-23278.75,0.0,0.0,5985.616,0.0,0.0,5985.616,0.0,0.0,5985.616,0.0,-1001.466,-1.953,65.958,-996.876,-1.944,65.656,-1539.61,-3.003,101.401,91.572,0.0,-6.047
300,15.0,-0.4346,9.8714,0.0341,-0.08156,-0.0,0.0053,0.08173,0.08173,-0.0,1.2367,2116.25,23278.75,8842.39,3551.01,91.83,0.0,433.33,4505,256.0,7680.0,8192.0,1,0,0.0,-23278.75,0.0,0.0,5985.616,0.0,0.0,5985.616,0.0,0.0,5985.616,0.0,-1003.291,-1.218,65.152,-998.38,-1.212,64.833,-1541.873,-1.871,100.127,91.638,0.0,-5.968
305,15.25,-0.455,9.8714,0.0355,-0.08165,-0.0,0.00523,0.08182,0.08182,-0.0,1.2367,2116.25,23278.75,8842.39,3554.95,92.0,0.0,433.33,4505,256.0,7680.0,8192.0,1,0,0.0,-23278.75,0.0,0.0,5985.616,0.0,0.0,5985.616,0.0,0.0,5985.616,0.0,-1004.381,-2.119,64.314,-999.783,-2.11,64.019,-1543.509,-3.257,98.836,91.808,0.0,-5.894
310,15.5,-0.4754,9.8714,0.0367,-0.08148,-0.0,0.00515,0.08164,0.08164,-0.0,1.2367,2116.25,23278.75,8842.39,3547.16,91.81,0.0,433.33,4505,256.0,7680.0,8192.0,1,0,0.0,-23278.75,0.0,0.0,5985.616,0.0,0.0,5985.616,0.0,0.0,5985.616,0.0,-1001.997,-2.035,63.327,-997.61,-2.026,63.049,-1540.485,-3.128,97.359,91.628,0.0,-5.806
315,15.75,-0.4958,9.8714,0.038,-0.08155,-0.0,0.00508,0.08171,0.08171,-0.0,1.2367,2116.25,23278.75,8842.39,3550.1,91.82,0.0,433.33,4505,256.0,7680.0,8192.0,1,0,0.0,-23278.75,0.0,0.0,5985.616,0.0,0.0,5985.616,0.0,0.0,5985.616,0.0,-1003.11,-1.343,62.513,-998.353,-1.337,62.217,-1541.763,-2.064,96.082,91.64,0.0,-5.727
320,16.0,-0.5162,9.8714,0.0393,-0.08165,-0.0,0.00502,0.08181,0.08181,-0.0,1.2367,2116.25,23278.75,8842.39,3554.38,91.97,0.0,433.33,4505,256.0,7680.0,8192.0,1,0,0.0,-23278.75,0.0,0.0,5985.616,0.0,0.0,5985.616,0.0,0.0,5985.616,0.0,-1004.323,-1.973,61.706,-999.822,-1.964,61.429,-1543.536,-3.032,94.835,91.794,0.0,-5.655
325,16.25,-0.5366,9.8714,0.0405,-0.08152,-0.0,0.00494,0.08167,0.08167,-0.0,1.2367,2116.25,23278.75,8842.39,3548.3,91.84,0.0,433.33,4505,256.0,7680.0,8192.0,1,0,0.0,-23278.75,0.0,0.0,5985.616,0.0,0.0,5985.616,0.0,0.0,5985.616,0.0,-1002.372,-2.049,60.785,-998.235,-2.04,60.534,-1541.184,-3.15,93.459,91.671,0.0,-5.573
330,16.5,-0.557,9.8714,0.0418,-0.08156,-0.0,0.00488,0.0817,0.0817,-0.0,1.2367,2116.25,23278.75,8842.39,3549.97,91.82,0.0,433.33,4505,256.0,7680.0,8192.0,1,0,0.0,-23278.75,0.0,0.0,5985.616,0.0,0.0,5985.616,0.0,0.0,5985.616,0.0,-1002.978,-1.454,60.019,-998.707,-1.448,59.764,-1541.938,-2.235,92.271,91.658,0.0,-5.5
335,16.75,-0.5774,9.8714,0.043,-0.08164,-0.0,0.00482,0.08179,0.08179,-0.0,1.2367,2116.25,23278.75,8842.39,3553.52,91.95,0.0,433.33,4505,256.0,7680.0,8192.0,1,0,0.0,-23278.75,0.0,0.0,5985.616,0.0,0.0,5985.616,0.0,0.0,5985.616,0.0,-1003.933,-1.913,59.296,-999.981,-1.906,59.063,-1543.414,-2.941,91.16,91.785,0.0,-5.435
340,17.0,-0.5978,9.8714,0.0442,-0.08154,-0.0,0.00476,0.08167,0.08167,-0.0,1.2367,2116.25,23278.75,8842.39,3548.72,91.84,0.0,433.33,4505,256.0,7680.0,8192.0,1,0,0.0,-23278.75,0.0,0.0,5985.616,0.0,0.0,5985.616,0.0,0.0,5985.616,0.0,-1002.352,-1.948,58.508,-998.773,-1.941,58.299,-1541.562,-2.996,89.982,91.683,0.0,-5.364
345,17.25,-0.6182,9.8714,0.0453,-0.08158,-0.0,0.00471,0.08172,0.08172,-0.0,1.2367,2116.25,23278.75,8842.39,3550.59,91.84,0.0,433.33,4505,256.0,7680.0,8192.0,1,0,0.0,-23278.75,0.0,0.0,5985.616,0.0,0.0,5985.616,0.0,0.0,5985.616,0.0,-1002.965,-1.553,57.86,-999.347,-1.548,57.652,-1542.378,-2.389,88.979,91.69,0.0,-5.302
350,17.5,-0.6386,9.8714,0.0465,-0.08163,-0.0,0.00466,0.08176,0.08176,-0.0,1.2367,2116.25,23278.75,8842.39,3552.58,91.93,0.0,433.33,4505,256.0,7680.0,8192.0,1,0,0.0,-23278.75,0.0,0.0,5985.616,0.0,0.0,5985.616,0.0,0.0,5985.616,0.0,-1003.447,-1.952,57.235,-1000.14,-1.946,57.047,-1543.219,-3.003,88.023,91.78,0.0,-5.246
355,17.75,-0.659,9.8714,0.0477,-0.08155,-0.0,0.0046,0.08168,0.08168,-0.0,1.2367,2116.25,23278.75,8842.39,3549.06,91.83,0.0,433.33,4505,256.0,7680.0,8192.0,1,0,0.0,-23278.75,0.0,0.0,5985.616,0.0,0.0,5985.616,0.0,0.0,5985.616,0.0,-1002.336,-1.824,56.578,-999.206,-1.818,56.401,-1541.868,-2.806,87.032,91.687,0.0,-5.186
360,18.0,-0.6794,9.8714,0.0488,-0.08161,-0.0,0.00456,0.08174,0.08174,-0.0,1.2367,2116.25,23278.75,8842.39,3551.44,91.87,0.0,433.33,4505,256.0,7680.0,8192.0,1,0,0.0,-23278.75,0.0,0.0,5985.616,0.0,0.0,5985.616,0.0,0.0,5985.616,0.0,-1003.096,-1.644,56.025,-999.938,-1.639,55.849,-1542.877,-2.529,86.173,91.727,0.0,-5.134
365,18.25,-0.6998,9.8714,0.0499,-0.08161,-0.0,0.00451,0.08174,0.08174,-0.0,1.2367,2116.25,23278.75,8842.39,3551.44,91.91,0.0,433.33,4505,256.0,7680.0,8192.0,1,0,0.0,-23278.75,0.0,0.0,5985.616,0.0,0.0,5985.616,0.0,0.0,5985.616,0.0,-1003.0,-1.959,55.455,-1000.102,-1.953,55.294,-1542.916,-3.014,85.306,91.767,0.0,-5.083
370,18.5,-0.7202,9.8714,0.0511,-0.08157,-0.0,0.00447,0.08169,0.08169,-0.0,1.2367,2116.25,23278.75,8842.39,3549.34,91.83,0.0,433.33,4505,256.0,7680.0,8192.0,1,0,0.0,-23278.75,0.0,0.0,5985.616,0.0,0.0,5985.616,0.0,0.0,5985.616,0.0,-1002.384,-1.718,54.888,-999.513,-1.713,54.731,-1542.129,-2.644,84.444,91.696,0.0,-5.031
375,18.75,-0.7406,9.8714,0.0522,-0.08163,-0.0,0.00443,0.08175,0.08175,-0.0,1.2367,2116.25,23278.75,8842.39,3551.97,91.89,0.0,433.33,4505,256.0,7680.0,8192.0,1,0,0.0,-23278.75,0.0,0.0,5985.616,0.0,0.0,5985.616,0.0,0.0,5985.616,0.0,-1003.189,-1.731,54.394,-1000.343,-1.726,54.24,-1543.224,-2.663,83.675,91.757,0.0,-4.985
380,19.0,-0.761,9.8714,0.0533,-0.0816,0.0,0.00438,0.08172,0.08172,0.0,1.2367,2116.25,23278.75,8842.39,3550.47,91.88,0.0,433.33,4505,256.0,7680.0,8192.0,1,0,0.0,-23278.75,0.0,0.0,5985.616,0.0,0.0,5985.616,0.0,0.0,5985.616,0.0,-1002.67,-1.903,53.86,-1000.022,-1.898,53.718,-1542.662,-2.928,82.866,91.748,0.0,-4.937
385,19.25,-0.7814,9.8714,0.0544,-0.08159,0.0,0.00434,0.08171,0.08171,0.0,1.2367,2116.25,23278.75,8842.39,3550.15,91.85,0.0,433.33,4505,256.0,7680.0,8192.0,1,0,0.0,-23278.75,0.0,0.0,5985.616,0.0,0.0,5985.616,0.0,0.0,5985.616,0.0,-1002.613,-1.677,53.362,-999.934,-1.672,53.22,-1542.58,-2.58,82.101,91.719,-0.0,-4.891
390,19.5,-0.8018,9.8714,0.0554,-0.08163,0.0,0.0043,0.08174,0.08174,0.0,1.2367,2116.25,23278.75,8842.39,3551.74,91.9,0.0,433.33,4505,256.0,7680.0,8192.0,1,0,0.0,-23278.75,0.0,0.0,5985.616,0.0,0.0,5985.616,0.0,0.0,5985.616,0.0,-1003.068,-1.813,52.894,-1000.487,-1.809,52.758,-1543.252,-2.79,81.379,91.77,0.0,-4.848
395,19.75,-0.8222,9.8714,0.0565,-0.08159,0.0,0.00427,0.0817,0.0817,0.0,1.2367,2116.25,23278.75,8842.39,3549.98,91.86,0.0,433.33,4505,256.0,7680.0,8192.0,1,0,0.0,-23278.75,0.0,0.0,5985.616,0.0,0.0,5985.616,0.0,0.0,5985.616,0.0,-1002.495,-1.814,52.404,-1000.053,-1.809,52.277,-1542.586,-2.791,80.637,91.736,0.0,-4.804
400,20.0,-0.8426,9.8714,0.0576,-0.08161,-0.0,0.00423,0.08172,0.08172,-0.0,1.2367,2116.25,23278.75,8842.39,3550.84,91.87,0.0,433.33,4505,256.0,7680.0,8192.0,1,0,0.0,-23278.75,0.0,0.0,5985.616,0.0,0.0,5985.616,0.0,0.0,5985.616,0.0,-1002.792,-1.701,51.963,-1000.318,-1.697,51.834,-1542.97,-2.618,79.953,91.745,-0.0,-4.762
405,20.25,-0.863,9.8714,0.0586,-0.08162,-0.0,0.00419,0.08173,0.08173,-0.0,1.2367,2116.25,23278.75,8842.39,3551.18,91.89,0.0,433.33,4505,256.0,7680.0,8192.0,1,0,0.0,-23278.75,0.0,0.0,5985.616,0.0,0.0,5985.616,0.0,0.0,5985.616,0.0,-1002.846,-1.827,51.521,-1000.513,-1.823,51.401,-1543.136,-2.812,79.278,91.768,0.0,-4.722
410,20.5,-0.8834,9.8714,0.0597,-0.0816,-0.0,0.00416,0.08171,0.08171,-0.0,1.2367,2116.25,23278.75,8842.39,3550.17,91.86,0.0,433.33,4505,256.0,7680.0,8192.0,1,0,0.0,-23278.75,0.0,0.0,5985.616,0.0,0.0,5985.616,0.0,0.0,5985.616,0.0,-1002.522,-1.751,51.086,-1000.272,-1.748,50.971,-1542.767,-2.695,78.615,91.738,0.0,-4.682
415,20.75,-0.9038,9.8714,0.0607,-0.08163,-0.0,0.00413,0.08173,0.08173,-0.0,1.2367,2116.25,23278.75,8842.39,3551.26,91.88,0.0,433.33,4505,256.0,7680.0,8192.0,1,0,0.0,-23278.75,0.0,0.0,5985.616,0.0,0.0,5985.616,0.0,0.0,5985.616,0.0,-1002.854,-1.745,50.69,-1000.636,-1.741,50.578,-1543.236,-2.685,78.004,91.764,0.0,-4.646
420,21.0,-0.9242,9.8714,0.0617,-0.08162,-0.0,0.00409,0.08172,0.08172,-0.0,1.2367,2116.25,23278.75,8842.39,3550.64,91.88,0.0,433.33,4505,256.0,7680.0,8192.0,1,0,0.0,-23278.75,0.0,0.0,5985.616,0.0,0.0,5985.616,0.0,0.0,5985.616,0.0,-1002.643,-1.821,50.283,-1000.518,-1.817,50.176,-1543.017,-2.802,77.383,91.762,0.0,-4.609
425,21.25,-0.9446,9.8714,0.0628,-0.08162,-0.0,0.00406,0.08172,0.08172,-0.0,1.2367,2116.25,23278.75,8842.39,3550.56,91.86,0.0,433.33,4505,256.0,7680.0,8192.0,1,0,0.0,-23278.75,0.0,0.0,5985.616,0.0,0.0,5985.616,0.0,0.0,5985.616,0.0,-1002.649,-1.716,49.892,-1000.498,-1.713,49.785,-1543.016,-2.641,76.781,91.749,0.0,-4.573
430,21.5,-0.965,9.8714,0.0638,-0.08163,-0.0,0.00403,0.08173,0.08173,-0.0,1.2367,2116.25,23278.75,8842.39,3551.2,91.89,0.0,433.33,4505,256.0,7680.0,8192.0,1,0,0.0,-23278.75,0.0,0.0,5985.616,0.0,0.0,5985.616,0.0,0.0,5985.616,0.0,-1002.844,-1.796,49.51,-1000.73,-1.792,49.406,-1543.301,-2.764,76.193,91.774,0.0,-4.538
435,21.75,-0.9854,9.8714,0.0648,-0.08161,-0.0,0.004,0.08171,0.08171,-0.0,1.2367,2116.25,23278.75,8842.39,3550.32,91.87,0.0,433.33,4505,256.0,7680.0,8192.0,1,0,0.0,-23278.75,0.0,0.0,5985.616,0.0,0.0,5985.616,0.0,0.0,5985.616,0.0,-1002.573,-1.777,49.118,-1000.508,-1.773,49.017,-1542.978,-2.734,75.593,91.755,0.0,-4.502
440,22.0,-1.0058,9.8714,0.0658,-0.08163,-0.0,0.00397,0.08173,0.08173,-0.0,1.2367,2116.25,23278.75,8842.39,3550.97,91.87,0.0,433.33,4505,256.0,7680.0,8192.0,1,0,0.0,-23278.75,0.0,0.0,5985.616,0.0,0.0,5985.616,0.0,0.0,5985.616,0.0,-1002.788,-1.736,48.75,-1000.723,-1.733,48.65,-1543.269,-2.672,75.025,91.765,0.0,-4.468
445,22.25,-1.0262,9.8714,0.0667,-0.08163,-0.0,0.00394,0.08172,0.08172,-0.0,1.2367,2116.25,23278.75,8842.39,3550.8,91.88,0.0,433.33,4505,256.0,7680.0,8192.0,1,0,0.0,-23278.75,0.0,0.0,5985.616,0.0,0.0,5985.616,0.0,0.0,5985.616,0.0,-1002.71,-1.799,48.38,-1000.736,-1.796,48.285,-1543.227,-2.769,74.459,91.772,0.0,-4.434
450,22.5,-1.0466,9.8714,0.0677,-0.08162,-0.0,0.00391,0.08172,0.08172,-0.0,1.2367,2116.25,23278.75,8842.39,3550.54,91.87,0.0,433.33,4505,256.0,7680.0,8192.0,1,0,0.0,-23278.75,0.0,0.0,5985.616,0.0,0.0,5985.616,0.0,0.0,5985.616,0.0,-1002.629,-1.739,48.022,-1000.69,-1.736,47.929,-1543.149,-2.676,73.911,91.76,0.0,-4.401
455,22.75,-1.067,9.8714,0.0687,-0.08164,-0.0,0.00388,0.08173,0.08173,-0.0,1.2367,2116.25,23278.75,8842.39,3551.04,91.88,0.0,433.33,4505,256.0,7680.0,8192.0,1,0,0.0,-23278.75,0.0,0.0,5985.616,0.0,0.0,5985.616,0.0,0.0,5985.616,0.0,-1002.765,-1.779,47.682,-1000.887,-1.776,47.593,-1543.373,-2.738,73.388,91.777,0.0,-4.37
460,23.0,-1.0874,9.8714,0.0697,-0.08162,-0.0,0.00385,0.08172,0.08172,-0.0,1.2367,2116.25,23278.75,8842.39,3550.49,91.87,0.0,433.33,4505,256.0,7680.0,8192.0,1,0,0.0,-23278.75,0.0,0.0,5985.616,0.0,0.0,5985.616,0.0,0.0,5985.616,0.0,-1002.584,-1.757,47.341,-1000.77,-1.754,47.256,-1543.178,-2.705,72.868,91.765,0.0,-4.339
465,23.25,-1.1079,9.8714,0.0706,-0.08163,-0.0,0.00383,0.08172,0.08172,-0.0,1.2367,2116.25,23278.75,8842.39,3550.84,91.87,0.0,433.33,4505,256.0,7680.0,8192.0,1,0,0.0,-23278.75,0.0,0.0,5985.616,0.0,0.0,5985.616,0.0,0.0,5985.616,0.0,-1002.686,-1.731,47.021,-1000.908,-1.728,46.938,-1543.342,-2.664,72.375,91.771,0.0,-4.309
470,23.5,-1.1283,9.8714,0.0716,-0.08164,-0.0,0.0038,0.08173,0.08173,-0.0,1.2367,2116.25,23278.75,8842.39,3550.91,91.88,0.0,433.33,4505,256.0,7680.0,8192.0,1,0,0.0,-23278.75,0.0,0.0,5985.616,0.0,0.0,5985.616,0.0,0.0,5985.616,0.0,-1002.694,-1.776,46.707,-1000.973,-1.773,46.627,-1543.392,-2.734,71.893,91.78,0.0,-4.281
475,23.75,-1.1487,9.8714,0.0725,-0.08163,-0.0,0.00378,0.08172,0.08172,-0.0,1.2367,2116.25,23278.75,8842.39,3550.58,91.87,0.0,433.33,4505,256.0,7680.0,8192.0,1,0,0.0,-23278.75,0.0,0.0,5985.616,0.0,0.0,5985.616,0.0,0.0,5985.616,0.0,-1002.587,-1.756,46.397,-1000.907,-1.753,46.319,-1543.281,-2.703,71.419,91.771,0.0,-4.252
480,24.0,-1.1691,9.8714,0.0735,-0.08164,-0.0,0.00375,0.08173,0.08173,-0.0,1.2367,2116.25,23278.75,8842.39,3550.92,91.88,0.0,433.33,4505,256.0,7680.0,8192.0,1,0,0.0,-23278.75,0.0,0.0,5985.616,0.0,0.0,5985.616,0.0,0.0,5985.616,0.0,-1002.692,-1.745,46.102,-1001.034,-1.742,46.026,-1543.439,-2.687,70.965,91.778,0.0,-4.225
485,24.25,-1.1895,9.8714,0.0744,-0.08164,-0.0,0.00373,0.08172,0.08172,-0.0,1.2367,2116.25,23278.75,8842.39,3550.85,91.88,0.0,433.33,4505,256.0,7680.0,8192.0,1,0,0.0,-23278.75,0.0,0.0,5985.616,0.0,0.0,5985.616,0.0,0.0,5985.616,0.0,-1002.665,-1.777,45.808,-1001.047,-1.774,45.734,-1543.43,-2.735,70.514,91.781,0.0,-4.198
490,24.5,-1.2099,9.8714,0.0753,-0.08164,-0.0,0.00371,0.08172,0.08172,-0.0,1.2367,2116.25,23278.75,8842.39,3550.66,91.87,0.0,433.33,4505,256.0,7680.0,8192.0,1,0,0.0,-23278.75,0.0,0.0,5985.616,0.0,0.0,5985.616,0.0,0.0,5985.616,0.0,-1002.615,-1.754,45.518,-1001.008,-1.752,45.445,-1543.374,-2.701,70.069,91.775,0.0,-4.172
495,24.75,-1.2303,9.8714,0.0763,-0.08164,-0.0,0.00368,0.08172,0.08172,-0.0,1.2367,2116.25,23278.75,8842.39,3550.86,91.87,0.0,433.33,4505,256.0,7680.0,8192.0,1,0,0.0,-23278.75,0.0,0.0,5985.616,0.0,0.0,5985.616,0.0,0.0,5985.616,0.0,-1002.686,-1.743,45.235,-1001.085,-1.741,45.163,-1543.477,-2.684,69.632,91.779,0.0,-4.146
500,25.0,-1.2507,9.8714,0.0772,-0.08164,-0.0,0.00366,0.08172,0.08172,-0.0,1.2367,2116.25,23278.75,8842.39,3550.86,91.88,0.0,433.33,4505,256.0,7680.0,8192.0,1,0,0.0,-23278.75,0.0,0.0,5985.616,0.0,0.0,5985.616,0.0,0.0,5985.616,0.0,-1002.682,-1.768,44.953,-1001.113,-1.765,44.882,-1543.494,-2.722,69.198,91.785,0.0,-4.12
505,25.25,-1.2711,9.8714,0.0781,-0.08164,-0.0,0.00364,0.08172,0.08172,-0.0,1.2367,2116.25,23278.75,8842.39,3550.66,91.87,0.0,433.33,4505,256.0,7680.0,8192.0,1,0,0.0,-23278.75,0.0,0.0,5985.616,0.0,0.0,5985.616,0.0,0.0,5985.616,0.0,-1002.62,-1.758,44.674,-1001.081,-1.756,44.605,-1543.435,-2.707,68.771,91.78,0.0,-4.094
510,25.5,-1.2915,9.8714,0.079,-0.08164,-0.0,0.00362,0.08172,0.08172,-0.0,1.2367,2116.25,23278.75,8842.39,3550.84,91.87,0.0,433.33,4505,256.0,7680.0,8192.0,1,0,0.0,-23278.75,0.0,0.0,5985.616,0.0,0.0,5985.616,0.0,0.0,5985.616,0.0,-1002.67,-1.75,44.405,-1001.165,-1.747,44.338,-1543.527,-2.694,68.358,91.784,0.0,-4.07
515,25.75,-1.3119,9.8714,0.0799,-0.08164,-0.0,0.00359,0.08172,0.08172,-0.0,1.2367,2116.25,23278.75,8842.39,3550.74,91.87,0.0,433.33,4505,256.0,7680.0,8192.0,1,0,0.0,-23278.75,0.0,0.0,5985.616,0.0,0.0,5985.616,0.0,0.0,5985.616,0.0,-1002.623,-1.755,44.142,-1001.173,-1.752,44.078,-1543.503,-2.701,67.954,91.781,0.0,-4.045
520,26.0,-1.3324,9.8714,0.0808,-0.08165,-0.0,0.00357,0.08172,0.08172,-0.0,1.2367,2116.25,23278.75,8842.39,3550.86,91.87,0.0,433.33,4505,256.0,7680.0,8192.0,1,0,0.0,-23278.75,0.0,0.0,5985.616,0.0,0.0,5985.616,0.0,0.0,5985.616,0.0,-1002.653,-1.757,43.891,-1001.239,-1.755,43.829,-1543.569,-2.705,67.57,91.785,0.0,-4.022
525,26.25,-1.3528,9.8714,0.0817,-0.08165,-0.0,0.00355,0.08172,0.08172,-0.0,1.2367,2116.25,23278.75,8842.39,3550.82,91.87,0.0,433.33,4505,256.0,7680.0,8192.0,1,0,0.0,-23278.75,0.0,0.0,5985.616,0.0,0.0,5985.616,0.0,0.0,5985.616,0.0,-1002.649,-1.758,43.643,-1001.239,-1.755,43.581,-1543.568,-2.706,67.188,91.785,0.0,-4.0
530,26.5,-1.3732,9.8714,0.0826,-0.08165,-0.0,0.00353,0.08172,0.08172,-0.0,1.2367,2116.25,23278.75,8842.39,3550.78,91.87,0.0,433.33,4505,256.0,7680.0,8192.0,1,0,0.0,-23278.75,0.0,0.0,5985.616,0.0,0.0,5985.616,0.0,0.0,5985.616,0.0,-1002.646,-1.754,43.393,-1001.237,-1.751,43.332,-1543.568,-2.7,66.804,91.785,0.0,-3.977
535,26.75,-1.3936,9.8714,0.0834,-0.08165,-0.0,0.00351,0.08172,0.08172,-0.0,1.2367,2116.25,23278.75,8842.39,3550.87,91.87,0.0,433.33,4505,256.0,7680.0,8192.0,1,0,0.0,-23278.75,0.0,0.0,5985.616,0.0,0.0,5985.616,0.0,0.0,5985.616,0.0,-1002.674,-1.757,43.149,-1001.284,-1.754,43.089,-1543.62,-2.705,66.428,91.788,0.0,-3.954
540,27.0,-1.414,9.8714,0.0843,-0.08165,-0.0,0.00349,0.08172,0.08172,-0.0,1.2367,2116.25,23278.75,8842.39,3550.87,91.87,0.0,433.33,4505,256.0,7680.0,8192.0,1,0,0.0,-23278.75,0.0,0.0,5985.616,0.0,0.0,5985.616,0.0,0.0,5985.616,0.0,-1002.682,-1.757,42.907,-1001.302,-1.754,42.848,-1543.639,-2.704,66.056,91.79,0.0,-3.932
545,27.25,-1.4344,9.8714,0.0852,-0.08165,-0.0,0.00347,0.08172,0.08172,-0.0,1.2367,2116.25,23278.75,8842.39,3550.83,91.87,0.0,433.33,4505,256.0,7680.0,8192.0,1,0,0.0,-23278.75,0.0,0.0,5985.616,0.0,0.0,5985.616,0.0,0.0,5985.616,0.0,-1002.675,-1.758,42.666,-1001.303,-1.755,42.607,-1543.637,-2.706,65.685,91.789,0.0,-3.91
550,27.5,-1.4548,9.8714,0.0861,-0.08165,0.0,0.00345,0.08172,0.08172,0.0,1.2367,2116.25,23278.75,8842.39,3550.73,91.87,0.0,433.33,4505,256.0,7680.0,8192.0,1,0,0.0,-23278.75,0.0,0.0,5985.616,0.0,0.0,5985.616,0.0,0.0,5985.616,0.0,-1002.65,-1.756,42.425,-1001.289,-1.753,42.368,-1543.614,-2.703,65.315,91.793,0.0,-3.888
555,27.75,-1.4752,9.8714,0.0869,-0.08165,-0.0,0.00344,0.08172,0.08172,-0.0,1.2367,2116.25,23278.75,8842.39,3550.8,91.88,0.0,433.33,4505,256.0,7680.0,8192.0,1,0,0.0,-23278.75,0.0,0.0,5985.616,0.0,0.0,5985.616,0.0,0.0,5985.616,0.0,-1002.672,-1.758,42.189,-1001.325,-1.755,42.132,-1543.654,-2.706,64.952,91.794,0.0,-3.867
560,28.0,-1.4957,9.8714,0.0878,-0.08165,-0.0,0.00342,0.08172,0.08172,-0.0,1.2367,2116.25,23278.75,8842.39,3550.73,91.87,0.0,433.33,4505,256.0,7680.0,8192.0,1,0,0.0,-23278.75,0.0,0.0,5985.616,0.0,0.0,5985.616,0.0,0.0,5985.616,0.0,-1002.654,-1.756,41.954,-1001.324,-1.753,41.898,-1543.644,-2.703,64.591,91.794,0.0,-3.845
565,28.25,-1.5161,9.8714,0.0886,-0.08165,0.0,0.0034,0.08172,0.08172,0.0,1.2367,2116.25,23278.75,8842.39,3550.78,91.87,0.0,433.33,4505,256.0,7680.0,8192.0,1,0,0.0,-23278.75,0.0,0.0,5985.616,0.0,0.0,5985.616,0.0,0.0,5985.616,0.0,-1002.671,-1.755,41.723,-1001.357,-1.753,41.669,-1543.679,-2.702,64.236,91.795,-0.0,-3.824
570,28.5,-1.5365,9.8714,0.0895,-0.08165,0.0,0.00338,0.08172,0.08172,0.0,1.2367,2116.25,23278.75,8842.39,3550.77,91.87,0.0,433.33,4505,256.0,7680.0,8192.0,1,0,0.0,-23278.75,0.0,0.0,5985.616,0.0,0.0,5985.616,0.0,0.0,5985.616,0.0,-1002.67,-1.745,41.496,-1001.37,-1.743,41.442,-1543.689,-2.686,63.886,91.794,-0.0,-3.803
575,28.75,-1.5569,9.8714,0.0903,-0.08165,0.0,0.00336,0.08172,0.08172,0.0,1.2367,2116.25,23278.75,8842.39,3550.75,91.87,0.0,433.33,4505,256.0,7680.0,8192.0,1,0,0.0,-23278.75,0.0,0.0,5985.616,0.0,0.0,5985.616,0.0,0.0,5985.616,0.0,-1002.657,-1.748,41.272,-1001.386,-1.745,41.219,-1543.694,-2.691,63.542,91.796,-0.0,-3.783
580,29.0,-1.5773,9.8714,0.0911,-0.08165,0.0,0.00334,0.08172,0.08172,0.0,1.2367,2116.25,23278.75,8842.39,3550.8,91.87,0.0,433.33,4505,256.0,7680.0,8192.0,1,0,0.0,-23278.75,0.0,0.0,5985.616,0.0,0.0,5985.616,0.0,0.0,5985.616,0.0,-1002.67,-1.737,41.053,-1001.423,-1.735,41.002,-1543.729,-2.675,63.206,91.796,-0.0,-3.762
585,29.25,-1.5977,9.8714,0.092,-0.08166,0.0,0.00333,0.08172,0.08172,0.0,1.2367,2116.25,23278.75,8842.39,3550.82,91.87,0.0,433.33,4505,256.0,7680.0,8192.0,1,0,0.0,-23278.75,0.0,0.0,5985.616,0.0,0.0,5985.616,0.0,0.0,5985.616,0.0,-1002.66,-1.745,40.841,-1001.463,-1.743,40.792,-1543.751,-2.686,62.881,91.798,-0.0,-3.743
590,29.5,-1.6181,9.8714,0.0928,-0.08165,0.0,0.00331,0.08172,0.08172,0.0,1.2367,2116.25,23278.75,8842.39,3550.74,91.87,0.0,433.33,4505,256.0,7680.0,8192.0,1,0,0.0,-23278.75,0.0,0.0,5985.616,0.0,0.0,5985.616,0.0,0.0,5985.616,0.0,-1002.63,-1.751,40.636,-1001.465,-1.749,40.589,-1543.733,-2.695,62.567,91.799,-0.0,-3.724
595,29.75,-1.6385,9.8714,0.0936,-0.08166,0.0,0.00329,0.08172,0.08172,0.0,1.2367,2116.25,23278.75,8842.39,3550.79,91.87,0.0,433.33,4505,256.0,7680.0,8192.0,1,0,0.0,-23278.75,0.0,0.0,5985.616,0.0,0.0,5985.616,0.0,0.0,5985.616,0.0,-1002.646,-1.749,40.437,-1001.492,-1.747,40.39,-1543.764,-2.692,62.26,91.799,-0.0,-3.706
600,30.0,-1.6548,9.8714,0.0943,0.00107,0.0,-4e-05,0.00107,0.00107,0.0,1.2367,2116.25,23278.75,8842.39,0.0,91.87,0.0,433.33,4505,0.0,8960.0,8192.0,1,1,0.0,-23278.75,0.0,0.0,5985.616,0.0,0.0,5985.616,0.0,0.0,5985.616,0.0,-0.0,-0.0,0.0,-0.0,-0.0,0.0,-0.0,-0.0,0.0,91.8,-0.0,-3.688
605,30.25,-1.6548,9.8714,0.0943,0.0,0.0,-0.0,0.0,0.0,0.0,1.2367,2116.25,23278.75,8842.39,0.0,0.0,0.0,433.33,4505,0.0,8960.0,8192.0,1,1,0.0,-23278.75,0.0,0.0,5985.616,0.0,0.0,5985.616,0.0,0.0,5985.616,0.0,-0.0,-0.0,0.0,-0.0,-0.0,0.0,-0.0,-0.0,0.0,-0.0,-0.0,0.0
610,30.5,-1.6548,9.8714,0.0943,0.0,0.0,-0.0,0.0,0.0,0.0,1.2367,2116.25,23278.75,8842.39,0.0,0.0,0.0,433.33,4505,0.0,8960.0,8192.0,1,1,0.0,-23278.75,0.0,0.0,5985.616,0.0,0.0,5985.616,0.0,0.0,5985.616,0.0,-0.0,-0.0,0.0,-0.0,-0.0,0.0,-0.0,-0.0,0.0,-0.0,-0.0,0.0
615,30.75,-1.6548,9.8714,0.0943,0.0,0.0,-0.0,0.0,0.0,0.0,1.2367,2116.25,23278.75,8842.39,0.0,0.0,0.0,433.33,4505,0.0,8960.0,8192.0,1,1,0.0,-23278.75,0.0,0.0,5985.616,0.0,0.0,5985.616,0.0,0.0,5985.616,0.0,-0.0,-0.0,0.0,-0.0,-0.0,0.0,-0.0,-0.0,0.0,-0.0,-0.0,0.0
620,31.0,-1.6548,9.8714,0.0943,0.0,0.0,-0.0,0.0,0.0,0.0,1.2367,2116.25,23278.75,8842.39,0.0,0.0,0.0,433.33,4505,0.0,8960.0,8192.0,1,1,0.0,-23278.75,0.0,0.0,5985.616,0.0,0.0,5985.616,0.0,0.0,5985.616,0.0,-0.0,-0.0,0.0,-0.0,-0.0,0.0,-0.0,-0.0,0.0,-0.0,-0.0,0.0
625,31.25,-1.6548,9.8714,0.0943,0.0,0.0,-0.0,0.0,0.0,0.0,1.2367,2116.25,23278.75,8842.39,0.0,0.0,0.0,433.33,4505,0.0,8960.0,8192.0,1,1,0.0,-23278.75,0.0,0.0,5985.616,0.0,0.0,5985.616,0.0,0.0,5985.616,0.0,-0.0,-0.0,0.0,-0.0,-0.0,0.0,-0.0,-0.0,0.0,-0.0,-0.0,0.0
630,31.5,-1.6548,9.8714,0.0943,0.0,0.0,-0.0,0.0,0.0,0.0,1.2367,2116.25,23278.75,8842.39,0.0,0.0,0.0,433.33,4505,0.0,8960.0,8192.0,1,1,0.0,-23278.75,0.0,0.0,5985.616,0.0,0.0,5985.616,0.0,0.0,5985.616,0.0,-0.0,-0.0,0.0,-0.0,-0.0,0.0,-0.0,-0.0,0.0,-0.0,-0.0,0.0
635,31.75,-1.6548,9.8714,0.0943,0.0,0.0,-0.0,0.0,0.0,0.0,1.2367,2116.25,23278.75,8842.39,0.0,0.0,0.0,433.33,4505,0.0,8960.0,8192.0,1,1,0.0,-23278.75,0.0,0.0,5985.616,0.0,0.0,5985.616,0.0,0.0,5985.616,0.0,-0.0,-0.0,0.0,-0.0,-0.0,0.0,-0.0,-0.0,0.0,-0.0,-0.0,0.0
640,32.0,-1.6548,9.8714,0.0943,0.0,0.0,-0.0,0.0,0.0,0.0,1.2367,2116.25,23278.75,8842.39,0.0,0.0,0.0,433.33,4505,0.0,8960.0,8192.0,1,1,0.0,-23278.75,0.0,0.0,5985.616,0.0,0.0,5985.616,0.0,0.0,5985.616,0.0,-0.0,-0.0,0.0,-0.0,-0.0,0.0,-0.0,-0.0,0.0,-0.0,-0.0,0.0
645,32.25,-1.6548,9.8714,0.0943,0.0,0.0,-0.0,0.0,0.0,0.0,1.2367,2116.25,23278.75,8842.39,0.0,0.0,0.0,433.33,4505,0.0,8960.0,8192.0,1,1,0.0,-23278.75,0.0,0.0,5985.616,0.0,0.0,5985.616,0.0,0.0,5985.616,0.0,-0.0,-0.0,0.0,-0.0,-0.0,0.0,-0.0,-0.0,0.0,-0.0,-0.0,0.0
650,32.5,-1.6548,9.8714,0.0943,0.0,0.0,-0.0,0.0,0.0,0.0,1.2367,2116.25,23278.75,8842.39,0.0,0.0,0.0,433.33,4505,0.0,8960.0,8192.0,1,1,0.0,-23278.75,0.0,0.0,5985.616,0.0,0.0,5985.616,0.0,0.0,5985.616,0.0,-0.0,-0.0,0.0,-0.0,-0.0,0.0,-0.0,-0.0,0.0,-0.0,-0.0,0.0
655,32.75,-1.6548,9.8714,0.0943,0.0,0.0,-0.0,0.0,0.0,0.0,1.2367,2116.25,23278.75,8842.39,0.0,0.0,0.0,433.33,4505,0.0,8960.0,8192.0,1,1,0.0,-23278.75,0.0,0.0,5985.616,0.0,0.0,5985.616,0.0,0.0,5985.616,0.0,-0.0,-0.0,0.0,-0.0,-0.0,0.0,-0.0,-0.0,0.0,-0.0,-0.0,0.0
660,33.0,-1.6548,9.8714,0.0943,0.0,0.0,-0.0,0.0,0.0,0.0,1.2367,2116.25,23278.75,8842.39,0.0,0.0,0.0,433.33,4505,0.0,8960.0,8192.0,1,1,0.0,-23278.75,0.0,0.0,5985.616,0.0,0.0,5985.616,0.0,0.0,5985.616,0.0,-0.0,-0.0,0.0,-0.0,-0.0,0.0,-0.0,-0.0,0.0,-0.0,-0.0,0.0
665,33.25,-1.6548,9.8714,0.0943,0.0,0.0,-0.0,0.0,0.0,0.0,1.2367,2116.25,23278.75,8842.39,0.0,0.0,0.0,433.33,4505,0.0,8960.0,8192.0,1,1,0.0,-23278.75,0.0,0.0,5985.616,0.0,0.0,5985.616,0.0,0.0,5985.616,0.0,-0.0,-0.0,0.0,-0.0,-0.0,0.0,-0.0,-0.0,0.0,-0.0,-0.0,0.0
670,33.5,-1.6548,9.8714,0.0943,0.0,0.0,-0.0,0.0,0.0,0.0,1.2367,2116.25,23278.75,8842.39,0.0,0.0,0.0,433.33,4505,0.0,8960.0,8192.0,1,1,0.0,-23278.75,0.0,0.0,5985.616,0.0,0.0,5985.616,0.0,0.0,5985.616,0.0,-0.0,-0.0,0.0,-0.0,-0.0,0.0,-0.0,-0.0,0.0,-0.0,-0.0,0.0
675,33.75,-1.6548,9.8714,0.0943,0.0,0.0,-0.0,0.0,0.0,0.0,1.2367,2116.25,23278.75,8842.39,0.0,0.0,0.0,433.33,4505,0.0,8960.0,8192.0,1,1,0.0,-23278.75,0.0,0.0,5985.616,0.0,0.0,5985.616,0.0,0.0,5985.616,0.0,-0.0,-0.0,0.0,-0.0,-0.0,0.0,-0.0,-0.0,0.0,-0.0,-0.0,0.0
680,34.0,-1.6548,9.8714,0.0943,0.0,0.0,-0.0,0.0,0.0,0.0,1.2367,2116.25,23278.75,8842.39,0.0,0.0,0.0,433.33,4505,0.0,8960.0,8192.0,1,1,0.0,-23278.75,0.0,0.0,5985.616,0.0,0.0,5985.616,0.0,0.0,5985.616,0.0,-0.0,-0.0,0.0,-0.0,-0.0,0.0,-0.0,-0.0,0.0,-0.0,-0.0,0.0
685,34.25,-1.6548,9.8714,0.0943,0.0,0.0,-0.0,0.0,0.0,0.0,1.2367,2116.25,23278.75,8842.39,0.0,0.0,0.0,433.33,4505,0.0,8960.0,8192.0,1,1,0.0,-23278.75,0.0,0.0,5985.616,0.0,0.0,5985.616,0.0,0.0,5985.616,0.0,-0.0,-0.0,0.0,-0.0,-0.0,0.0,-0.0,-0.0,0.0,-0.0,-0.0,0.0
690,34.5,-1.6548,9.8714,0.0943,0.0,0.0,-0.0,0.0,0.0,0.0,1.2367,2116.25,23278.75,8842.39,0.0,0.0,0.0,433.33,4505,0.0,8960.0,8192.0,1,1,0.0,-23278.75,0.0,0.0,5985.616,0.0,0.0,5985.616,0.0,0.0,5985.616,0.0,-0.0,-0.0,0.0,-0.0,-0.0,0.0,-0.0,-0.0,0.0,-0.0,-0.0,0.0
695,34.75,-1.6548,9.8714,0.0943,0.0,0.0,-0.0,0.0,0.0,0.0,1.2367,2116.25,23278.75,8842.39,0.0,0.0,0.0,433.33,4505,0.0,8960.0,8192.0,1,1,0.0,-23278.75,0.0,0.0,5985.616,0.0,0.0,5985.616,0.0,0.0,5985.616,0.0,-0.0,-0.0,0.0,-0.0,-0.0,0.0,-0.0,-0.0,0.0,-0.0,-0.0,0.0
700,35.0,-1.6548,9.8714,0.0943,0.0,0.0,-0.0,0.0,0.0,0.0,1.2367,2116.25,23278.75,8842.39,0.0,0.0,0.0,433.33,4505,0.0,8960.0,8192.0,1,1,0.0,-23278.75,0.0,0.0,5985.616,0.0,0.0,5985.616,0.0,0.0,5985.616,0.0,-0.0,-0.0,0.0,-0.0,-0.0,0.0,-0.0,-0.0,0.0,-0.0,-0.0,0.0
705,35.25,-1.6548,9.8714,0.0943,0.0,0.0,-0.0,0.0,0.0,0.0,1.2367,2116.25,23278.75,8842.39,0.0,0.0,0.0,433.33,4505,0.0,8960.0,8192.0,1,1,0.0,-23278.75,0.0,0.0,5985.616,0.0,0.0,5985.616,0.0,0.0,5985.616,0.0,-0.0,-0.0,0.0,-0.0,-0.0,0.0,-0.0,-0.0,0.0,-0.0,-0.0,0.0
710,35.5,-1.6548,9.8714,0.0943,0.0,0.0,-0.0,0.0,0.0,0.0,1.2367,2116.25,23278.75,8842.39,0.0,0.0,0.0,433.33,4505,0.0,8960.0,8192.0,1,1,0.0,-23278.75,0.0,0.0,5985.616,0.0,0.0,5985.616,0.0,0.0,5985.616,0.0,-0.0,-0.0,0.0,-0.0,-0.0,0.0,-0.0,-0.0,0.0,-0.0,-0.0,0.0
715,35.75,-1.6548,9.8714,0.0943,0.0,0.0,-0.0,0.0,0.0,0.0,1.2367,2116.25,23278.75,8842.39,0.0,0.0,0.0,433.33,4505,0.0,8960.0,8192.0,1,1,0.0,-23278.75,0.0,0.0,5985.616,0.0,0.0,5985.616,0.0,0.0,5985.616,0.0,-0.0,-0.0,0.0,-0.0,-0.0,0.0,-0.0,-0.0,0.0,-0.0,-0.0,0.0
720,36.0,-1.6548,9.8714,0.0943,0.0,0.0,-0.0,0.0,0.0,0.0,1.2367,2116.25,23278.75,8842.39,0.0,0.0,0.0,433.33,4505,0.0,8960.0,8192.0,1,1,0.0,-23278.75,0.0,0.0,5985.616,0.0,0.0,5985.616,0.0,0.0,5985.616,0.0,-0.0,-0.0,0.0,-0.0,-0.0,0.0,-0.0,-0.0,0.0,-0.0,-0.0,0.0
725,36.25,-1.6548,9.8714,0.0943,0.0,0.0,-0.0,0.0,0.0,0.0,1.2367,2116.25,23278.75,8842.39,0.0,0.0,0.0,433.33,4505,0.0,8960.0,8192.0,1,1,0.0,-23278.75,0.0,0.0,5985.616,0.0,0.0,5985.616,0.0,0.0,5985.616,0.0,-0.0,-0.0,0.0,-0.0,-0.0,0.0,-0.0,-0.0,0.0,-0.0,-0.0,0.0
730,36.5,-1.6548,9.8714,0.0943,0.0,0.0,-0.0,0.0,0.0,0.0,1.2367,2116.25,23278.75,8842.39,0.0,0.0,0.0,433.33,4505,0.0,8960.0,8192.0,1,1,0.0,-23278.75,0.0,0.0,5985.616,0.0,0.0,5985.616,0.0,0.0,5985.616,0.0,-0.0,-0.0,0.0,-0.0,-0.0,0.0,-0.0,-0.0,0.0,-0.0,-0.0,0.0
735,36.75,-1.6548,9.8714,0.0943,0.0,0.0,-0.0,0.0,0.0,0.0,1.2367,2116.25,23278.75,8842.39,0.0,0.0,0.0,433.33,4505,0.0,8960.0,8192.0,1,1,0.0,-23278.75,0.0,0.0,5985.616,0.0,0.0,5985.616,0.0,0.0,5985.616,0.0,-0.0,-0.0,0.0,-0.0,-0.0,0.0,-0.0,-0.0,0.0,-0.0,-0.0,0.0
740,37.0,-1.6548,9.8714,0.0943,0.0,0.0,-0.0,0.0,0.0,0.0,1.2367,2116.25,23278.75,8842.39,0.0,0.0,0.0,433.33,4505,0.0,8960.0,8192.0,1,1,0.0,-23278.75,0.0,0.0,5985.616,0.0,0.0,5985.616,0.0,0.0,5985.616,0.0,-0.0,-0.0,0.0,-0.0,-0.0,0.0,-0.0,-0.0,0.0,-0.0,-0.0,0.0
745,37.25,-1.6548,9.8714,0.0943,0.0,0.0,-0.0,0.0,0.0,0.0,1.2367,2116.25,23278.75,8842.39,0.0,0.0,0.0,433.33,4505,0.0,8960.0,8192.0,1,1,0.0,-23278.75,0.0,0.0,5985.616,0.0,0.0,5985.616,0.0,0.0,5985.616,0.0,-0.0,-0.0,0.0,-0.0,-0.0,0.0,-0.0,-0.0,0.0,-0.0,-0.0,0.0
750,37.5,-1.6548,9.8714,0.0943,0.0,0.0,-0.0,0.0,0.0,0.0,1.2367,2116.25,23278.75,8842.39,0.0,0.0,0.0,433.33,4505,0.0,8960.0,8192.0,1,1,0.0,-23278.75,0.0,0.0,5985.616,0.0,0.0,5985.616,0.0,0.0,5985.616,0.0,-0.0,-0.0,0.0,-0.0,-0.0,0.0,-0.0,-0.0,0.0,-0.0,-0.0,0.0
755,37.75,-1.6548,9.8714,0.0943,0.0,0.0,-0.0,0.0,0.0,0.0,1.2367,2116.25,23278.75,8842.39,0.0,0.0,0.0,433.33,4505,0.0,8960.0,8192.0,1,1,0.0,-23278.75,0.0,0.0,5985.616,0.0,0.0,5985.616,0.0,0.0,5985.616,0.0,-0.0,-0.0,0.0,-0.0,-0.0,0.0,-0.0,-0.0,0.0,-0.0,-0.0,0.0
760,38.0,-1.6548,9.8714,0.0943,0.0,0.0,-0.0,0.0,0.0,0.0,1.2367,2116.25,23278.75,8842.39,0.0,0.0,0.0,433.33,4505,0.0,8960.0,8192.0,1,1,0.0,-23278.75,0.0,0.0,5985.616,0.0,0.0,5985.616,0.0,0.0,5985.616,0.0,-0.0,-0.0,0.0,-0.0,-0.0,0.0,-0.0,-0.0,0.0,-0.0,-0.0,0.0
765,38.25,-1.6548,9.8714,0.0943,0.0,0.0,-0.0,0.0,0.0,0.0,1.2367,2116.25,23278.75,8842.39,0.0,0.0,0.0,433.33,4505,0.0,8960.0,8192.0,1,1,0.0,-23278.75,0.0,0.0,5985.616,0.0,0.0,5985.616,0.0,0.0,5985.616,0.0,-0.0,-0.0,0.0,-0.0,-0.0,0.0,-0.0,-0.0,0.0,-0.0,-0.0,0.0
770,38.5,-1.6548,9.8714,0.0943,0.0,0.0,-0.0,0.0,0.0,0.0,1.2367,2116.25,23278.75,8842.39,0.0,0.0,0.0,433.33,4505,0.0,8960.0,8192.0,1,1,0.0,-23278.75,0.0,0.0,5985.616,0.0,0.0,5985.616,0.0,0.0,5985.616,0.0,-0.0,-0.0,0.0,-0.0,-0.0,0.0,-0.0,-0.0,0.0,-0.0,-0.0,0.0
775,38.75,-1.6548,9.8714,0.0943,0.0,0.0,-0.0,0.0,0.0,0.0,1.2367,2116.25,23278.75,8842.39,0.0,0.0,0.0,433.33,4505,0.0,8960.0,8192.0,1,1,0.0,-23278.75,0.0,0.0,5985.616,0.0,0.0,5985.616,0.0,0.0,5985.616,0.0,-0.0,-0.0,0.0,-0.0,-0.0,0.0,-0.0,-0.0,0.0,-0.0,-0.0,0.0
780,39.0,-1.6548,9.8714,0.0943,0.0,0.0,-0.0,0.0,0.0,0.0,1.2367,2116.25,23278.75,8842.39,0.0,0.0,0.0,433.33,4505,0.0,8960.0,8192.0,1,1,0.0,-23278.75,0.0,0.0,5985.616,0.0,0.0,5985.616,0.0,0.0,5985.616,0.0,-0.0,-0.0,0.0,-0.0,-0.0,0.0,-0.0,-0.0,0.0,-0.0,-0.0,0.0
785,39.25,-1.6548,9.8714,0.0943,0.0,0.0,-0.0,0.0,0.0,0.0,1.2367,2116.25,23278.75,8842.39,0.0,0.0,0.0,433.33,4505,0.0,8960.0,8192.0,1,1,0.0,-23278.75,0.0,0.0,5985.616,0.0,0.0,5985.616,0.0,0.0,5985.616,0.0,-0.0,-0.0,0.0,-0.0,-0.0,0.0,-0.0,-0.0,0.0,-0.0,-0.0,0.0
790,39.5,-1.6548,9.8714,0.0943,0.0,0.0,-0.0,0.0,0.0,0.0,1.2367,2116.25,23278.75,8842.39,0.0,0.0,0.0,433.33,4505,0.0,8960.0,8192.0,1,1,0.0,-23278.75,0.0,0.0,5985.616,0.0,0.0,5985.616,0.0,0.0,5985.616,0.0,-0.0,-0.0,0.0,-0.0,-0.0,0.0,-0.0,-0.0,0.0,-0.0,-0.0,0.0
795,39.75,-1.6548,9.8714,0.0943,0.0,0.0,-0.0,0.0,0.0,0.0,1.2367,2116.25,23278.75,8842.39,0.0,0.0,0.0,433.33,4505,0.0,8960.0,8192.0,1,1,0.0,-23278.75,0.0,0.0,5985.616,0.0,0.0,5985.616,0.0,0.0,5985.616,0.0,-0.0,-0.0,0.0,-0.0,-0.0,0.0,-0.0,-0.0,0.0,-0.0,-0.0,0.0
800,40.0,-1.6548,9.8714,0.0943,0.0,0.0,-0.0,0.0,0.0,0.0,1.2367,2116.25,23278.75,8842.39,0.0,0.0,0.0,433.33,4505,0.0,8960.0,8192.0,1,1,0.0,-23278.75,0.0,0.0,5985.616,0.0,0.0,5985.616,0.0,0.0,5985.616,0.0,-0.0,-0.0,0.0,-0.0,-0.0,0.0,-0.0,-0.0,0.0,-0.0,-0.0,0.0
805,40.25,-1.6548,9.8714,0.0943,0.0,0.0,-0.0,0.0,0.0,0.0,1.2367,2116.25,23278.75,8842.39,0.0,0.0,0.0,433.33,4505,0.0,8960.0,8192.0,1,1,0.0,-23278.75,0.0,0.0,5985.616,0.0,0.0,5985.616,0.0,0.0,5985.616,0.0,-0.0,-0.0,0.0,-0.0,-0.0,0.0,-0.0,-0.0,0.0,-0.0,-0.0,0.0
810,40.5,-1.6548,9.8714,0.0943,0.0,0.0,-0.0,0.0,0.0,0.0,1.2367,2116.25,23278.75,8842.39,0.0,0.0,0.0,433.33,4505,0.0,8960.0,8192.0,1,1,0.0,-23278.75,0.0,0.0,5985.616,0.0,0.0,5985.616,0.0,0.0,5985.616,0.0,-0.0,-0.0,0.0,-0.0,-0.0,0.0,-0.0,-0.0,0.0,-0.0,-0.0,0.0
815,40.75,-1.6548,9.8714,0.0943,0.0,0.0,-0.0,0.0,0.0,0.0,1.2367,2116.25,23278.75,8842.39,0.0,0.0,0.0,433.33,4505,0.0,8960.0,8192.0,1,1,0.0,-23278.75,0.0,0.0,5985.616,0.0,0.0,5985.616,0.0,0.0,5985.616,0.0,-0.0,-0.0,0.0,-0.0,-0.0,0.0,-0.0,-0.0,0.0,-0.0,-0.0,0.0
820,41.0,-1.6548,9.8714,0.0943,0.0,0.0,-0.0,0.0,0.0,0.0,1.2367,2116.25,23278.75,8842.39,0.0,0.0,0.0,433.33,4505,0.0,8960.0,8192.0,1,1,0.0,-23278.75,0.0,0.0,5985.616,0.0,0.0,5985.616,0.0,0.0,5985.616,0.0,-0.0,-0.0,0.0,-0.0,-0.0,0.0,-0.0,-0.0,0.0,-0.0,-0.0,0.0
825,41.25,-1.6548,9.8714,0.0943,0.0,0.0,-0.0,0.0,0.0,0.0,1.2367,2116.25,23278.75,8842.39,0.0,0.0,0.0,433.33,4505,0.0,8960.0,8192.0,1,1,0.0,-23278.75,0.0,0.0,5985.616,0.0,0.0,5985.616,0.0,0.0,5985.616,0.0,-0.0,-0.0,0.0,-0.0,-0.0,0.0,-0.0,-0.0,0.0,-0.0,-0.0,0.0
830,41.5,-1.6548,9.8714,0.0943,0.0,0.0,-0.0,0.0,0.0,0.0,1.2367,2116.25,23278.75,8842.39,0.0,0.0,0.0,433.33,4505,0.0,8960.0,8192.0,1,1,0.0,-23278.75,0.0,0.0,5985.616,0.0,0.0,5985.616,0.0,0.0,5985.616,0.0,-0.0,-0.0,0.0,-0.0,-0.0,0.0,-0.0,-0.0,0.0,-0.0,-0.0,0.0
835,41.75,-1.6548,9.8714,0.0943,0.0,0.0,-0.0,0.0,0.0,0.0,1.2367,2116.25,23278.75,8842.39,0.0,0.0,0.0,433.33,4505,0.0,8960.0,8192.0,1,1,0.0,-23278.75,0.0,0.0,5985.616,0.0,0.0,5985.616,0.0,0.0,5985.616,0.0,-0.0,-0.0,0.0,-0.0,-0.0,0.0,-0.0,-0.0,0.0,-0.0,-0.0,0.0
840,42.0,-1.6548,9.8714,0.0943,0.0,0.0,-0.0,0.0,0.0,0.0,1.2367,2116.25,23278.75,8842.39,0.0,0.0,0.0,433.33,4505,0.0,8960.0,8192.0,1,1,0.0,-23278.75,0.0,0.0,5985.616,0.0,0.0,5985.616,0.0,0.0,5985.616,0.0,-0.0,-0.0,0.0,-0.0,-0.0,0.0,-0.0,-0.0,0.0,-0.0,-0.0,0.0
845,42.25,-1.6548,9.8714,0.0943,0.0,0.0,-0.0,0.0,0.0,0.0,1.2367,2116.25,23278.75,8842.39,0.0,0.0,0.0,433.33,4505,0.0,8960.0,8192.0,1,1,0.0,-23278.75,0.0,0.0,5985.616,0.0,0.0,5985.616,0.0,0.0,5985.616,0.0,-0.0,-0.0,0.0,-0.0,-0.0,0.0,-0.0,-0.0,0.0,-0.0,-0.0,0.0
850,42.5,-1.6548,9.8714,0.0943,0.0,0.0,-0.0,0.0,0.0,0.0,1.2367,2116.25,23278.75,8842.39,0.0,0.0,0.0,433.33,4505,0.0,8960.0,8192.0,1,1,0.0,-23278.75,0.0,0.0,5985.616,0.0,0.0,5985.616,0.0,0.0,5985.616,0.0,-0.0,-0.0,0.0,-0.0,-0.0,0.0,-0.0,-0.0,0.0,-0.0,-0.0,0.0
855,42.75,-1.6548,9.8714,0.0943,0.0,0.0,-0.0,0.0,0.0,0.0,1.2367,2116.25,23278.75,8842.39,0.0,0.0,0.0,433.33,4505,0.0,8960.0,8192.0,1,1,0.0,-23278.75,0.0,0.0,5985.616,0.0,0.0,5985.616,0.0,0.0,5985.616,0.0,-0.0,-0.0,0.0,-0.0,-0.0,0.0,-0.0,-0.0,0.0,-0.0,-0.0,0.0
860,43.0,-1.6548,9.8714,0.0943,0.0,0.0,-0.0,0.0,0.0,0.0,1.2367,2116.25,23278.75,8842.39,0.0,0.0,0.0,433.33,4505,0.0,8960.0,8192.0,1,1,0.0,-23278.75,0.0,0.0,5985.616,0.0,0.0,5985.616,0.0,0.0,5985.616,0.0,-0.0,-0.0,0.0,-0.0,-0.0,0.0,-0.0,-0.0,0.0,-0.0,-0.0,0.0
865,43.25,-1.6548,9.8714,0.0943,0.0,0.0,-0.0,0.0,0.0,0.0,1.2367,2116.25,23278.75,8842.39,0.0,0.0,0.0,433.33,4505,0.0,8960.0,8192.0,1,1,0.0,-23278.75,0.0,0.0,5985.616,0.0,0.0,5985.616,0.0,0.0,5985.616,0.0,-0.0,-0.0,0.0,-0.0,-0.0,0.0,-0.0,-0.0,0.0,-0.0,-0.0,0.0
870,43.5,-1.6548,9.8714,0.0943,0.0,0.0,-0.0,0.0,0.0,0.0,1.2367,2116.25,23278.75,8842.39,0.0,0.0,0.0,433.33,4505,0.0,8960.0,8192.0,1,1,0.0,-23278.75,0.0,0.0,5985.616,0.0,0.0,5985.616,0.0,0.0,5985.616,0.0,-0.0,-0.0,0.0,-0.0,-0.0,0.0,-0.0,-0.0,0.0,-0.0,-0.0,0.0
875,43.75,-1.6548,9.8714,0.0943,0.0,0.0,-0.0,0.0,0.0,0.0,1.2367,2116.25,23278.75,8842.39,0.0,0.0,0.0,433.33,4505,0.0,8960.0,8192.0,1,1,0.0,-23278.75,0.0,0.0,5985.616,0.0,0.0,5985.616,0.0,0.0,5985.616,0.0,-0.0,-0.0,0.0,-0.0,-0.0,0.0,-0.0,-0.0,0.0,-0.0,-0.0,0.0
880,44.0,-1.6548,9.8714,0.0943,0.0,0.0,-0.0,0.0,0.0,0.0,1.2367,2116.25,23278.75,8842.39,0.0,0.0,0.0,433.33,4505,0.0,8960.0,8192.0,1,1,0.0,-23278.75,0.0,0.0,5985.616,0.0,0.0,5985.616,0.0,0.0,5985.616,0.0,-0.0,-0.0,0.0,-0.0,-0.0,0.0,-0.0,-0.0,0.0,-0.0,-0.0,0.0
885,44.25,-1.6548,9.8714,0.0943,0.0,0.0,-0.0,0.0,0.0,0.0,1.2367,2116.25,23278.75,8842.39,0.0,0.0,0.0,433.33,4505,0.0,8960.0,8192.0,1,1,0.0,-23278.75,0.0,0.0,5985.616,0.0,0.0,5985.616,0.0,0.0,5985.616,0.0,-0.0,-0.0,0.0,-0.0,-0.0,0.0,-0.0,-0.0,0.0,-0.0,-0.0,0.0
890,44.5,-1.6548,9.8714,0.0943,0.0,0.0,-0.0,0.0,0.0,0.0,1.2367,2116.25,23278.75,8842.39,0.0,0.0,0.0,433.33,4505,0.0,8960.0,8192.0,1,1,0.0,-23278.75,0.0,0.0,5985.616,0.0,0.0,5985.616,0.0,0.0,5985.616,0.0,-0.0,-0.0,0.0,-0.0,-0.0,0.0,-0.0,-0.0,0.0,-0.0,-0.0,0.0
895,44.75,-1.6548,9.8714,0.0943,0.0,0.0,-0.0,0.0,0.0,0.0,1.2367,2116.25,23278.75,8842.39,0.0,0.0,0.0,433.33,4505,0.0,8960.0,8192.0,1,1,0.0,-23278.75,0.0,0.0,5985.616,0.0,0.0,5985.616,0.0,0.0,5985.616,0.0,-0.0,-0.0,0.0,-0.0,-0.0,0.0,-0.0,-0.0,0.0,-0.0,-0.0,0.0
900,45.0,-1.6548,9.8714,0.0943,0.0,0.0,-0.0,0.0,0.0,0.0,1.2367,2116.25,23278.75,8842.39,0.0,0.0,0.0,433.33,4505,0.0,8960.0,8192.0,1,1,0.0,-23278.75,0.0,0.0,5985.616,0.0,0.0,5985.616,0.0,0.0,5985.616,0.0,-0.0,-0.0,0.0,-0.0,-0.0,0.0,-0.0,-0.0,0.0,-0.0,-0.0,0.0
905,45.25,-1.6548,9.8714,0.0943,0.0,0.0,-0.0,0.0,0.0,0.0,1.2367,2116.25,23278.75,8842.39,0.0,0.0,0.0,433.33,4505,0.0,8960.0,8192.0,1,1,0.0,-23278.75,0.0,0.0,5985.616,0.0,0.0,5985.616,0.0,0.0,5985.616,0.0,-0.0,-0.0,0.0,-0.0,-0.0,0.0,-0.0,-0.0,0.0,-0.0,-0.0,0.0
910,45.5,-1.6548,9.8714,0.0943,0.0,0.0,-0.0,0.0,0.0,0.0,1.2367,2116.25,23278.75,8842.39,0.0,0.0,0.0,433.33,4505,0.0,8960.0,8192.0,1,1,0.0,-23278.75,0.0,0.0,5985.616,0.0,0.0,5985.616,0.0,0.0,5985.616,0.0,-0.0,-0.0,0.0,-0.0,-0.0,0.0,-0.0,-0.0,0.0,-0.0,-0.0,0.0
915,45.75,-1.6548,9.8714,0.0943,0.0,0.0,-0.0,0.0,0.0,0.0,1.2367,2116.25,23278.75,8842.39,0.0,0.0,0.0,433.33,4505,0.0,8960.0,8192.0,1,1,0.0,-23278.75,0.0,0.0,5985.616,0.0,0.0,5985.616,0.0,0.0,5985.616,0.0,-0.0,-0.0,0.0,-0.0,-0.0,0.0,-0.0,-0.0,0.0,-0.0,-0.0,0.0
920,46.0,-1.6548,9.8714,0.0943,0.0,0.0,-0.0,0.0,0.0,0.0,1.2367,2116.25,23278.75,8842.39,0.0,0.0,0.0,433.33,4505,0.0,8960.0,8192.0,1,1,0.0,-23278.75,0.0,0.0,5985.616,0.0,0.0,5985.616,0.0,0.0,5985.616,0.0,-0.0,-0.0,0.0,-0.0,-0.0,0.0,-0.0,-0.0,0.0,-0.0,-0.0,0.0
925,46.25,-1.6548,9.8714,0.0943,0.0,0.0,-0.0,0.0,0.0,0.0,1.2367,2116.25,23278.75,8842.39,0.0,0.0,0.0,433.33,4505,0.0,8960.0,8192.0,1,1,0.0,-23278.75,0.0,0.0,5985.616,0.0,0.0,5985.616,0.0,0.0,5985.616,0.0,-0.0,-0.0,0.0,-0.0,-0.0,0.0,-0.0,-0.0,0.0,-0.0,-0.0,0.0
930,46.5,-1.6548,9.8714,0.0943,0.0,0.0,-0.0,0.0,0.0,0.0,1.2367,2116.25,23278.75,8842.39,0.0,0.0,0.0,433.33,4505,0.0,8960.0,8192.0,1,1,0.0,-23278.75,0.0,0.0,5985.616,0.0,0.0,5985.616,0.0,0.0,5985.616,0.0,-0.0,-0.0,0.0,-0.0,-0.0,0.0,-0.0,-0.0,0.0,-0.0,-0.0,0.0
935,46.75,-1.6548,9.8714,0.0943,0.0,0.0,-0.0,0.0,0.0,0.0,1.2367,2116.25,23278.75,8842.39,0.0,0.0,0.0,433.33,4505,0.0,8960.0,8192.0,1,1,0.0,-23278.75,0.0,0.0,5985.616,0.0,0.0,5985.616,0.0,0.0,5985.616,0.0,-0.0,-0.0,0.0,-0.0,-0.0,0.0,-0.0,-0.0,0.0,-0.0,-0.0,0.0
940,47.0,-1.6548,9.8714,0.0943,0.0,0.0,-0.0,0.0,0.0,0.0,1.2367,2116.25,23278.75,8842.39,0.0,0.0,0.0,433.33,4505,0.0,8960.0,8192.0,1,1,0.0,-23278.75,0.0,0.0,5985.616,0.0,0.0,5985.616,0.0,0.0,5985.616,0.0,-0.0,-0.0,0.0,-0.0,-0.0,0.0,-0.0,-0.0,0.0,-0.0,-0.0,0.0
945,47.25,-1.6548,9.8714,0.0943,0.0,0.0,-0.0,0.0,0.0,0.0,1.2367,2116.25,23278.75,8842.39,0.0,0.0,0.0,433.33,4505,0.0,8960.0,8192.0,1,1,0.0,-23278.75,0.0,0.0,5985.616,0.0,0.0,5985.616,0.0,0.0,5985.616,0.0,-0.0,-0.0,0.0,-0.0,-0.0,0.0,-0.0,-0.0,0.0,-0.0,-0.0,0.0
950,47.5,-1.6548,9.8714,0.0943,0.0,0.0,-0.0,0.0,0.0,0.0,1.2367,2116.25,23278.75,8842.39,0.0,0.0,0.0,433.33,4505,0.0,8960.0,8192.0,1,1,0.0,-23278.75,0.0,0.0,5985.616,0.0,0.0,5985.616,0.0,0.0,5985.616,0.0,-0.0,-0.0,0.0,-0.0,-0.0,0.0,-0.0,-0.0,0.0,-0.0,-0.0,0.0
955,47.75,-1.6548,9.8714,0.0943,0.0,0.0,-0.0,0.0,0.0,0.0,1.2367,2116.25,23278.75,8842.39,0.0,0.0,0.0,433.33,4505,0.0,8960.0,8192.0,1,1,0.0,-23278.75,0.0,0.0,5985.616,0.0,0.0,5985.616,0.0,0.0,5985.616,0.0,-0.0,-0.0,0.0,-0.0,-0.0,0.0,-0.0,-0.0,0.0,-0.0,-0.0,0.0
960,48.0,-1.6548,9.8714,0.0943,0.0,0.0,-0.0,0.0,0.0,0.0,1.2367,2116.25,23278.75,8842.39,0.0,0.0,0.0,433.33,4505,0.0,8960.0,8192.0,1,1,0.0,-23278.75,0.0,0.0,5985.616,0.0,0.0,5985.616,0.0,0.0,5985.616,0.0,-0.0,-0.0,0.0,-0.0,-0.0,0.0,-0.0,-0.0,0.0,-0.0,-0.0,0.0
965,48.25,-1.6548,9.8714,0.0943,0.0,0.0,-0.0,0.0,0.0,0.0,1.2367,2116.25,23278.75,8842.39,0.0,0.0,0.0,433.33,4505,0.0,8960.0,8192.0,1,1,0.0,-23278.75,0.0,0.0,5985.616,0.0,0.0,5985.616,0.0,0.0,5985.616,0.0,-0.0,-0.0,0.0,-0.0,-0.0,0.0,-0.0,-0.0,0.0,-0.0,-0.0,0.0
970,48.5,-1.6548,9.8714,0.0943,0.0,0.0,-0.0,0.0,0.0,0.0,1.2367,2116.25,23278.75,8842.39,0.0,0.0,0.0,433.33,4505,0.0,8960.0,8192.0,1,1,0.0,-23278.75,0.0,0.0,5985.616,0.0,0.0,5985.616,0.0,0.0,5985.616,0.0,-0.0,-0.0,0.0,-0.0,-0.0,0.0,-0.0,-0.0,0.0,-0.0,-0.0,0.0
975,48.75,-1.6548,9.8714,0.0943,0.0,0.0,-0.0,0.0,0.0,0.0,1.2367,2116.25,23278.75,8842.39,0.0,0.0,0.0,433.33,4505,0.0,8960.0,8192.0,1,1,0.0,-23278.75,0.0,0.0,5985.616,0.0,0.0,5985.616,0.0,0.0,5985.616,0.0,-0.0,-0.0,0.0,-0.0,-0.0,0.0,-0.0,-0.0,0.0,-0.0,-0.0,0.0
980,49.0,-1.6548,9.8714,0.0943,0.0,0.0,-0.0,0.0,0.0,0.0,1.2367,2116.25,23278.75,8842.39,0.0,0.0,0.0,433.33,4505,0.0,8960.0,8192.0,1,1,0.0,-23278.75,0.0,0.0,5985.616,0.0,0.0,5985.616,0.0,0.0,5985.616,0.0,-0.0,-0.0,0.0,-0.0,-0.0,0.0,-0.0,-0.0,0.0,-0.0,-0.0,0.0
985,49.25,-1.6548,9.8714,0.0943,0.0,0.0,-0.0,0.0,0.0,0.0,1.2367,2116.25,23278.75,8842.39,0.0,0.0,0.0,433.33,4505,0.0,8960.0,8192.0,1,1,0.0,-23278.75,0.0,0.0,5985.616,0.0,0.0,5985.616,0.0,0.0,5985.616,0.0,-0.0,-0.0,0.0,-0.0,-0.0,0.0,-0.0,-0.0,0.0,-0.0,-0.0,0.0
990,49.5,-1.6548,9.8714,0.0943,0.0,0.0,-0.0,0.0,0.0,0.0,1.2367,2116.25,23278.75,8842.39,0.0,0.0,0.0,433.33,4505,0.0,8960.0,8192.0,1,1,0.0,-23278.75,0.0,0.0,5985.616,0.0,0.0,5985.616,0.0,0.0,5985.616,0.0,-0.0,-0.0,0.0,-0.0,-0.0,0.0,-0.0,-0.0,0.0,-0.0,-0.0,0.0
995,49.75,-1.6548,9.8714,0.0943,0.0,0.0,-0.0,0.0,0.0,0.0,1.2367,2116.25,23278.75,8842.39,0.0,0.0,0.0,433.33,4505,0.0,8960.0,8192.0,1,1,0.0,-23278.75,0.0,0.0,5985.616,0.0,0.0,5985.616,0.0,0.0,5985.616,0.0,-0.0,-0.0,0.0,-0.0,-0.0,0.0,-0.0,-0.0,0.0,-0.0,-0.0,0.0
1000,50.0,-1.6548,9.8714,0.0943,0.0,0.0,-0.0,0.0,0.0,0.0,1.2367,2116.25,23278.75,8842.39,0.0,0.0,0.0,433.33,4505,0.0,8960.0,8192.0,1,1,0.0,-23278.75,0.0,0.0,5985.616,0.0,0.0,5985.616,0.0,0.0,5985.616,0.0,-0.0,-0.0,0.0,-0.0,-0.0,0.0,-0.0,-0.0,0.0,-0.0,-0.0,0.0
1005,50.25,-1.6548,9.8714,0.0943,0.0,0.0,-0.0,0.0,0.0,0.0,1.2367,2116.25,23278.75,8842.39,0.0,0.0,0.0,433.33,4505,0.0,8960.0,8192.0,1,1,0.0,-23278.75,0.0,0.0,5985.616,0.0,0.0,5985.616,0.0,0.0,5985.616,0.0,-0.0,-0.0,0.0,-0.0,-0.0,0.0,-0.0,-0.0,0.0,-0.0,-0.0,0.0
1010,50.5,-1.6548,9.8714,0.0943,0.0,0.0,-0.0,0.0,0.0,0.0,1.2367,2116.25,23278.75,8842.39,0.0,0.0,0.0,433.33,4505,0.0,8960.0,8192.0,1,1,0.0,-23278.75,0.0,0.0,5985.616,0.0,0.0,5985.616,0.0,0.0,5985.616,0.0,-0.0,-0.0,0.0,-0.0,-0.0,0.0,-0.0,-0.0,0.0,-0.0,-0.0,0.0
1015,50.75,-1.6548,9.8714,0.0943,0.0,0.0,-0.0,0.0,0.0,0.0,1.2367,2116.25,23278.75,8842.39,0.0,0.0,0.0,433.33,4505,0.0,8960.0,8192.0,1,1,0.0,-23278.75,0.0,0.0,5985.616,0.0,0.0,5985.616,0.0,0.0,5985.616,0.0,-0.0,-0.0,0.0,-0.0,-0.0,0.0,-0.0,-0.0,0.0,-0.0,-0.0,0.0
1020,51.0,-1.6548,9.8714,0.0943,0.0,0.0,-0.0,0.0,0.0,0.0,1.2367,2116.25,23278.75,8842.39,0.0,0.0,0.0,433.33,4505,0.0,8960.0,8192.0,1,1,0.0,-23278.75,0.0,0.0,5985.616,0.0,0.0,5985.616,0.0,0.0,5985.616,0.0,-0.0,-0.0,0.0,-0.0,-0.0,0.0,-0.0,-0.0,0.0,-0.0,-0.0,0.0
1025,51.25,-1.6548,9.8714,0.0943,0.0,0.0,-0.0,0.0,0.0,0.0,1.2367,2116.25,23278.75,8842.39,0.0,0.0,0.0,433.33,4505,0.0,8960.0,8192.0,1,1,0.0,-23278.75,0.0,0.0,5985.616,0.0,0.0,5985.616,0.0,0.0,5985.616,0.0,-0.0,-0.0,0.0,-0.0,-0.0,0.0,-0.0,-0.0,0.0,-0.0,-0.0,0.0
1030,51.5,-1.6548,9.8714,0.0943,0.0,0.0,-0.0,0.0,0.0,0.0,1.2367,2116.25,23278.75,8842.39,0.0,0.0,0.0,433.33,4505,0.0,8960.0,8192.0,1,1,0.0,-23278.75,0.0,0.0,5985.616,0.0,0.0,5985.616,0.0,0.0,5985.616,0.0,-0.0,-0.0,0.0,-0.0,-0.0,0.0,-0.0,-0.0,0.0,-0.0,-0.0,0.0
1035,51.75,-1.6548,9.8714,0.0943,0.0,0.0,-0.0,0.0,0.0,0.0,1.2367,2116.25,23278.75,8842.39,0.0,0.0,0.0,433.33,4505,0.0,8960.0,8192.0,1,1,0.0,-23278.75,0.0,0.0,5985.616,0.0,0.0,5985.616,0.0,0.0,5985.616,0.0,-0.0,-0.0,0.0,-0.0,-0.0,0.0,-0.0,-0.0,0.0,-0.0,-0.0,0.0
1040,52.0,-1.6548,9.8714,0.0943,0.0,0.0,-0.0,0.0,0.0,0.0,1.2367,2116.25,23278.75,8842.39,0.0,0.0,0.0,433.33,4505,0.0,8960.0,8192.0,1,1,0.0,-23278.75,0.0,0.0,5985.616,0.0,0.0,5985.616,0.0,0.0,5985.616,0.0,-0.0,-0.0,0.0,-0.0,-0.0,0.0,-0.0,-0.0,0.0,-0.0,-0.0,0.0
1045,52.25,-1.6548,9.8714,0.0943,0.0,0.0,-0.0,0.0,0.0,0.0,1.2367,2116.25,23278.75,8842.39,0.0,0.0,0.0,433.33,4505,0.0,8960.0,8192.0,1,1,0.0,-23278.75,0.0,0.0,5985.616,0.0,0.0,5985.616,0.0,0.0,5985.616,0.0,-0.0,-0.0,0.0,-0.0,-0.0,0.0,-0.0,-0.0,0.0,-0.0,-0.0,0.0
1050,52.5,-1.6548,9.8714,0.0943,0.0,0.0,-0.0,0.0,0.0,0.0,1.2367,2116.25,23278.75,8842.39,0.0,0.0,0.0,433.33,4505,0.0,8960.0,8192.0,1,1,0.0,-23278.75,0.0,0.0,5985.616,0.0,0.0,5985.616,0.0,0.0,5985.616,0.0,-0.0,-0.0,0.0,-0.0,-0.0,0.0,-0.0,-0.0,0.0,-0.0,-0.0,0.0
1055,52.75,-1.6548,9.8714,0.0943,0.0,0.0,-0.0,0.0,0.0,0.0,1.2367,2116.25,23278.75,8842.39,0.0,0.0,0.0,433.33,4505,0.0,8960.0,8192.0,1,1,0.0,-23278.75,0.0,0.0,5985.616,0.0,0.0,5985.616,0.0,0.0,5985.616,0.0,-0.0,-0.0,0.0,-0.0,-0.0,0.0,-0.0,-0.0,0.0,-0.0,-0.0,0.0
1060,53.0,-1.6548,9.8714,0.0943,0.0,0.0,-0.0,0.0,0.0,0.0,1.2367,2116.25,23278.75,8842.39,0.0,0.0,0.0,433.33,4505,0.0,8960.0,8192.0,1,1,0.0,-23278.75,0.0,0.0,5985.616,0.0,0.0,5985.616,0.0,0.0,5985.616,0.0,-0.0,-0.0,0.0,-0.0,-0.0,0.0,-0.0,-0.0,0.0,-0.0,-0.0,0.0
1065,53.25,-1.6548,9.8714,0.0943,0.0,0.0,-0.0,0.0,0.0,0.0,1.2367,2116.25,23278.75,8842.39,0.0,0.0,0.0,433.33,4505,0.0,8960.0,8192.0,1,1,0.0,-23278.75,0.0,0.0,5985.616,0.0,0.0,5985.616,0.0,0.0,5985.616,0.0,-0.0,-0.0,0.0,-0.0,-0.0,0.0,-0.0,-0.0,0.0,-0.0,-0.0,0.0
1070,53.5,-1.6548,9.8714,0.0943,0.0,0.0,-0.0,0.0,0.0,0.0,1.2367,2116.25,23278.75,8842.39,0.0,0.0,0.0,433.33,4505,0.0,8960.0,8192.0,1,1,0.0,-23278.75,0.0,0.0,5985.616,0.0,0.0,5985.616,0.0,0.0,5985.616,0.0,-0.0,-0.0,0.0,-0.0,-0.0,0.0,-0.0,-0.0,0.0,-0.0,-0.0,0.0
1075,53.75,-1.6548,9.8714,0.0943,0.0,0.0,-0.0,0.0,0.0,0.0,1.2367,2116.25,23278.75,8842.39,0.0,0.0,0.0,433.33,4505,0.0,8960.0,8192.0,1,1,0.0,-23278.75,0.0,0.0,5985.616,0.0,0.0,5985.616,0.0,0.0,5985.616,0.0,-0.0,-0.0,0.0,-0.0,-0.0,0.0,-0.0,-0.0,0.0,-0.0,-0.0,0.0
1080,54.0,-1.6548,9.8714,0.0943,0.0,0.0,-0.0,0.0,0.0,0.0,1.2367,2116.25,23278.75,8842.39,0.0,0.0,0.0,433.33,4505,0.0,8960.0,8192.0,1,1,0.0,-23278.75,0.0,0.0,5985.616,0.0,0.0,5985.616,0.0,0.0,5985.616,0.0,-0.0,-0.0,0.0,-0.0,-0.0,0.0,-0.0,-0.0,0.0,-0.0,-0.0,0.0
1085,54.25,-1.6548,9.8714,0.0943,0.0,0.0,-0.0,0.0,0.0,0.0,1.2367,2116.25,23278.75,8842.39,0.0,0.0,0.0,433.33,4505,0.0,8960.0,8192.0,1,1,0.0,-23278.75,0.0,0.0,5985.616,0.0,0.0,5985.616,0.0,0.0,5985.616,0.0,-0.0,-0.0,0.0,-0.0,-0.0,0.0,-0.0,-0.0,0.0,-0.0,-0.0,0.0
1090,54.5,-1.6548,9.8714,0.0943,0.0,0.0,-0.0,0.0,0.0,0.0,1.2367,2116.25,23278.75,8842.39,0.0,0.0,0.0,433.33,4505,0.0,8960.0,8192.0,1,1,0.0,-23278.75,0.0,0.0,5985.616,0.0,0.0,5985.616,0.0,0.0,5985.616,0.0,-0.0,-0.0,0.0,-0.0,-0.0,0.0,-0.0,-0.0,0.0,-0.0,-0.0,0.0
1095,54.75,-1.6548,9.8714,0.0943,0.0,0.0,-0.0,0.0,0.0,0.0,1.2367,2116.25,23278.75,8842.39,0.0,0.0,0.0,433.33,4505,0.0,8960.0,8192.0,1,1,0.0,-23278.75,0.0,0.0,5985.616,0.0,0.0,5985.616,0.0,0.0,5985.616,0.0,-0.0,-0.0,0.0,-0.0,-0.0,0.0,-0.0,-0.0,0.0,-0.0,-0.0,0.0
1100,55.0,-1.6548,9.8714,0.0943,0.0,0.0,-0.0,0.0,0.0,0.0,1.2367,2116.25,23278.75,8842.39,0.0,0.0,0.0,433.33,4505,0.0,8960.0,8192.0,1,1,0.0,-23278.75,0.0,0.0,5985.616,0.0,0.0,5985.616,0.0,0.0,5985.616,0.0,-0.0,-0.0,0.0,-0.0,-0.0,0.0,-0.0,-0.0,0.0,-0.0,-0.0,0.0
1105,55.25,-1.6548,9.8714,0.0943,0.0,0.0,-0.0,0.0,0.0,0.0,1.2367,2116.25,23278.75,8842.39,0.0,0.0,0.0,433.33,4505,0.0,8960.0,8192.0,1,1,0.0,-23278.75,0.0,0.0,5985.616,0.0,0.0,5985.616,0.0,0.0,5985.616,0.0,-0.0,-0.0,0.0,-0.0,-0.0,0.0,-0.0,-0.0,0.0,-0.0,-0.0,0.0
1110,55.5,-1.6548,9.8714,0.0943,0.0,0.0,-0.0,0.0,0.0,0.0,1.2367,2116.25,23278.75,8842.39,0.0,0.0,0.0,433.33,4505,0.0,8960.0,8192.0,1,1,0.0,-23278.75,0.0,0.0,5985.616,0.0,0.0,5985.616,0.0,0.0,5985.616,0.0,-0.0,-0.0,0.0,-0.0,-0.0,0.0,-0.0,-0.0,0.0,-0.0,-0.0,0.0
1115,55.75,-1.6548,9.8714,0.0943,0.0,0.0,-0.0,0.0,0.0,0.0,1.2367,2116.25,23278.75,8842.39,0.0,0.0,0.0,433.33,4505,0.0,8960.0,8192.0,1,1,0.0,-23278.75,0.0,0.0,5985.616,0.0,0.0,5985.616,0.0,0.0,5985.616,0.0,-0.0,-0.0,0.0,-0.0,-0.0,0.0,-0.0,-0.0,0.0,-0.0,-0.0,0.0
1120,56.0,-1.6548,9.8714,0.0943,0.0,0.0,-0.0,0.0,0.0,0.0,1.2367,2116.25,23278.75,8842.39,0.0,0.0,0.0,433.33,4505,0.0,8960.0,8192.0,1,1,0.0,-23278.75,0.0,0.0,5985.616,0.0,0.0,5985.616,0.0,0.0,5985.616,0.0,-0.0,-0.0,0.0,-0.0,-0.0,0.0,-0.0,-0.0,0.0,-0.0,-0.0,0.0
1125,56.25,-1.6548,9.8714,0.0943,0.0,0.0,-0.0,0.0,0.0,0.0,1.2367,2116.25,23278.75,8842.39,0.0,0.0,0.0,433.33,4505,0.0,8960.0,8192.0,1,1,0.0,-23278.75,0.0,0.0,5985.616,0.0,0.0,5985.616,0.0,0.0,5985.616,0.0,-0.0,-0.0,0.0,-0.0,-0.0,0.0,-0.0,-0.0,0.0,-0.0,-0.0,0.0
1130,56.5,-1.6548,9.8714,0.0943,0.0,0.0,-0.0,0.0,0.0,0.0,1.2367,2116.25,23278.75,8842.39,0.0,0.0,0.0,433.33,4505,0.0,8960.0,8192.0,1,1,0.0,-23278.75,0.0,0.0,5985.616,0.0,0.0,5985.616,0.0,0.0,5985.616,0.0,-0.0,-0.0,0.0,-0.0,-0.0,0.0,-0.0,-0.0,0.0,-0.0,-0.0,0.0
1135,56.75,-1.6548,9.8714,0.0943,0.0,0.0,-0.0,0.0,0.0,0.0,1.2367,2116.25,23278.75,8842.39,0.0,0.0,0.0,433.33,4505,0.0,8960.0,8192.0,1,1,0.0,-23278.75,0.0,0.0,5985.616,0.0,0.0,5985.616,0.0,0.0,5985.616,0.0,-0.0,-0.0,0.0,-0.0,-0.0,0.0,-0.0,-0.0,0.0,-0.0,-0.0,0.0
1140,57.0,-1.6548,9.8714,0.0943,0.0,0.0,-0.0,0.0,0.0,0.0,1.2367,2116.25,23278.75,8842.39,0.0,0.0,0.0,433.33,4505,0.0,8960.0,8192.0,1,1,0.0,-23278.75,0.0,0.0,5985.616,0.0,0.0,5985.616,0.0,0.0,5985.616,0.0,-0.0,-0.0,0.0,-0.0,-0.0,0.0,-0.0,-0.0,0.0,-0.0,-0.0,0.0
1145,57.25,-1.6548,9.8714,0.0943,0.0,0.0,-0.0,0.0,0.0,0.0,1.2367,2116.25,23278.75,8842.39,0.0,0.0,0.0,433.33,4505,0.0,8960.0,8192.0,1,1,0.0,-23278.75,0.0,0.0,5985.616,0.0,0.0,5985.616,0.0,0.0,5985.616,0.0,-0.0,-0.0,0.0,-0.0,-0.0,0.0,-0.0,-0.0,0.0,-0.0,-0.0,0.0
1150,57.5,-1.6548,9.8714,0.0943,0.0,0.0,-0.0,0.0,0.0,0.0,1.2367,2116.25,23278.75,8842.39,0.0,0.0,0.0,433.33,4505,0.0,8960.0,8192.0,1,1,0.0,-23278.75,0.0,0.0,5985.616,0.0,0.0,5985.616,0.0,0.0,5985.616,0.0,-0.0,-0.0,0.0,-0.0,-0.0,0.0,-0.0,-0.0,0.0,-0.0,-0.0,0.0
1155,57.75,-1.6548,9.8714,0.0943,0.0,0.0,-0.0,0.0,0.0,0.0,1.2367,2116.25,23278.75,8842.39,0.0,0.0,0.0,433.33,4505,0.0,8960.0,8192.0,1,1,0.0,-23278.75,0.0,0.0,5985.616,0.0,0.0,5985.616,0.0,0.0,5985.616,0.0,-0.0,-0.0,0.0,-0.0,-0.0,0.0,-0.0,-0.0,0.0,-0.0,-0.0,0.0
1160,58.0,-1.6548,9.8714,0.0943,0.0,0.0,-0.0,0.0,0.0,0.0,1.2367,2116.25,23278.75,8842.39,0.0,0.0,0.0,433.33,4505,0.0,8960.0,8192.0,1,1,0.0,-23278.75,0.0,0.0,5985.616,0.0,0.0,5985.616,0.0,0.0,5985.616,0.0,-0.0,-0.0,0.0,-0.0,-0.0,0.0,-0.0,-0.0,0.0,-0.0,-0.0,0.0
1165,58.25,-1.6548,9.8714,0.0943,0.0,0.0,-0.0,0.0,0.0,0.0,1.2367,2116.25,23278.75,8842.39,0.0,0.0,0.0,433.33,4505,0.0,8960.0,8192.0,1,1,0.0,-23278.75,0.0,0.0,5985.616,0.0,0.0,5985.616,0.0,0.0,5985.616,0.0,-0.0,-0.0,0.0,-0.0,-0.0,0.0,-0.0,-0.0,0.0,-0.0,-0.0,0.0
1170,58.5,-1.6548,9.8714,0.0943,0.0,0.0,-0.0,0.0,0.0,0.0,1.2367,2116.25,23278.75,8842.39,0.0,0.0,0.0,433.33,4505,0.0,8960.0,8192.0,1,1,0.0,-23278.75,0.0,0.0,5985.616,0.0,0.0,5985.616,0.0,0.0,5985.616,0.0,-0.0,-0.0,0.0,-0.0,-0.0,0.0,-0.0,-0.0,0.0,-0.0,-0.0,0.0
1175,58.75,-1.6548,9.8714,0.0943,0.0,0.0,-0.0,0.0,0.0,0.0,1.2367,2116.25,23278.75,8842.39,0.0,0.0,0.0,433.33,4505,0.0,8960.0,8192.0,1,1,0.0,-23278.75,0.0,0.0,5985.616,0.0,0.0,5985.616,0.0,0.0,5985.616,0.0,-0.0,-0.0,0.0,-0.0,-0.0,0.0,-0.0,-0.0,0.0,-0.0,-0.0,0.0
1180,59.0,-1.6548,9.8714,0.0943,0.0,0.0,-0.0,0.0,0.0,0.0,1.2367,2116.25,23278.75,8842.39,0.0,0.0,0.0,433.33,4505,0.0,8960.0,8192.0,1,1,0.0,-23278.75,0.0,0.0,5985.616,0.0,0.0,5985.616,0.0,0.0,5985.616,0.0,-0.0,-0.0,0.0,-0.0,-0.0,0.0,-0.0,-0.0,0.0,-0.0,-0.0,0.0
1185,59.25,-1.6548,9.8714,0.0943,0.0,0.0,-0.0,0.0,0.0,0.0,1.2367,2116.25,23278.75,8842.39,0.0,0.0,0.0,433.33,4505,0.0,8960.0,8192.0,1,1,0.0,-23278.75,0.0,0.0,5985.616,0.0,0.0,5985.616,0.0,0.0,5985.616,0.0,-0.0,-0.0,0.0,-0.0,-0.0,0.0,-0.0,-0.0,0.0,-0.0,-0.0,0.0
1190,59.5,-1.6548,9.8714,0.0943,0.0,0.0,-0.0,0.0,0.0,0.0,1.2367,2116.25,23278.75,8842.39,0.0,0.0,0.0,433.33,4505,0.0,8960.0,8192.0,1,1,0.0,-23278.75,0.0,0.0,5985.616,0.0,0.0,5985.616,0.0,0.0,5985.616,0.0,-0.0,-0.0,0.0,-0.0,-0.0,0.0,-0.0,-0.0,0.0,-0.0,-0.0,0.0
1195,59.75,-1.6548,9.8714,0.0943,0.0,0.0,-0.0,0.0,0.0,0.0,1.2367,2116.25,23278.75,8842.39,0.0,0.0,0.0,433.33,4505,0.0,8960.0,8192.0,1,1,0.0,-23278.75,0.0,0.0,5985.616,0.0,0.0,5985.616,0.0,0.0,5985.616,0.0,-0.0,-0.0,0.0,-0.0,-0.0,0.0,-0.0,-0.0,0.0,-0.0,-0.0,0.0
1200,60.0,-1.6548,9.8714,0.0943,0.0,0.0,-0.0,0.0,0.0,0.0,1.2367,2116.25,23278.75,8842.39,0.0,0.0,0.0,433.33,4505,0.0,8960.0,8192.0,1,1,0.0,-23278.75,0.0,0.0,5985.616,0.0,0.0,5985.616,0.0,0.0,5985.616,0.0,-0.0,-0.0,0.0,-0.0,-0.0,0.0,-0.0,-0.0,0.0,-0.0,-0.0,0.0
